Olivia.|olivia.
Noah.|noah.
Liam.|liam.
Sophia.|sophia.
Mason.|mason.
Ava.|ava.
Jacob.|jacob.
William.|william.
Ethan.|ethan.
Mia.|mia.
James.|james.
Alexander.|alexander.
Michael.|michael.
Benjamin.|benjamin.
Elijah.|elijah.
Daniel.|daniel.
Aiden.|aiden.
Logan.|logan.
Matthew.|matthew.
Abigail.|abigail.
Lucas.|lucas.
Jackson.|jackson.
David.|david.
Oliver.|oliver.
Jayden.|jayden.
Joseph.|joseph.
Charlotte.|charlotte.
Gabriel.|gabriel.
Samuel.|samuel.
Anthony.|anthony.
John.|john.
Harper.|harper.
Dylan.|dylan.
Luke.|luke.
Henry.|henry.
Madison.|madison.
Andrew.|andrew.
Isaac.|isaac.
Amelia.|amelia.
Christopher.|christopher.
Joshua.|joshua.
Elizabeth.|elizabeth.
Sofia.|sofia.
Wyatt.|wyatt.
Owen.|owen.
Evelyn.|evelyn.
Avery.|avery.
Caleb.|caleb.
Nathan.|nathan.
Ryan.|ryan.
Jack.|jack.
Hunter.|hunter.
Levi.|levi.
Jaxon.|jaxon.
Landon.|landon.
Chloe.|chloe.
Grayson.|grayson.
Grace.|grace.
Jonathan.|jonathan.
Victoria.|victoria.
Isaiah.|isaiah.
Aubrey.|aubrey.
Charles.|charles.
Thomas.|thomas.
Aaron.|aaron.
Scarlett.|scarlett.
Eli.|eli.
Zoey.|zoey.
Connor.|connor.
Jeremiah.|jeremiah.
Cameron.|cameron.
Addison.|addison.
Josiah.|josiah.
Natalie.|natalie.
Hannah.|hannah.
Aria.|aria.
Layla.|layla.
Colton.|colton.
Brooklyn.|brooklyn.
Jordan.|jordan.
Brayden.|brayden.
Robert.|robert.
Angel.|angel.
Alexa.|alexa.
Hudson.|hudson.
Zoe.|zoe.
Lincoln.|lincoln.
Evan.|evan.
Dominic.|dominic.
Austin.|austin.
Gavin.|gavin.
Riley.|riley.
Leah.|leah.
Audrey.|audrey.
Savannah.|savannah.
Parker.|parker.
Adam.|adam.
Chase.|chase.
Allison.|allison.
Samantha.|samantha.
Nora.|nora.
Ian.|ian.
Camila.|camila.
Cooper.|cooper.
Easton.|easton.
Kevin.|kevin.
Jose.|jose.
Tyler.|tyler.
Anna.|anna.
Brandon.|brandon.
Asher.|asher.
Paisley.|paisley.
Jaxson.|jaxson.
Mateo.|mateo.
Jason.|jason.
Ariana.|ariana.
Ayden.|ayden.
Ellie.|ellie.
Aaliyah.|aaliyah.
Zachary.|zachary.
Violet.|violet.
Sadie.|sadie.
Carson.|carson.
Mila.|mila.
Leo.|leo.
Lucy.|lucy.
Arianna.|arianna.
Kennedy.|kennedy.
Sarah.|sarah.
Madelyn.|madelyn.
Eleanor.|eleanor.
Kaylee.|kaylee.
Caroline.|caroline.
Ezra.|ezra.
Bentley.|bentley.
Hazel.|hazel.
Sawyer.|sawyer.
Hailey.|hailey.
Kayden.|kayden.
Blake.|blake.
Nathaniel.|nathaniel.
Kylie.|kylie.
Ryder.|ryder.
Autumn.|autumn.
Piper.|piper.
Maya.|maya.
Elias.|elias.
Nevaeh.|nevaeh.
Peyton.|peyton.
Tristan.|tristan.
Roman.|roman.
Mackenzie.|mackenzie.
Leonardo.|leonardo.
Bella.|bella.
Camden.|camden.
Eva.|eva.
Naomi.|naomi.
Luis.|luis.
Micah.|micah.
Justin.|justin.
Aubree.|aubree.
Aurora.|aurora.
Greyson.|greyson.
Declan.|declan.
Maxwell.|maxwell.
Juan.|juan.
Melanie.|melanie.
Cole.|cole.
Lydia.|lydia.
Brianna.|brianna.
Ruby.|ruby.
Katherine.|katherine.
Ashley.|ashley.
Carlos.|carlos.
Max.|max.
Alexis.|alexis.
Alice.|alice.
Cora.|cora.
Julia.|julia.
Harrison.|harrison.
Madeline.|madeline.
Weston.|weston.
Faith.|faith.
Brantley.|brantley.
Braxton.|braxton.
Annabelle.|annabelle.
Alyssa.|alyssa.
Axel.|axel.
Diego.|diego.
Abel.|abel.
Wesley.|wesley.
Santiago.|santiago.
Isabelle.|isabelle.
Jesus.|jesus.
Gianna.|gianna.
Silas.|silas.
Giovanni.|giovanni.
Bryce.|bryce.
Jayce.|jayce.
Bryson.|bryson.
Alex.|alex.
Quinn.|quinn.
Clara.|clara.
Reagan.|reagan.
Everett.|everett.
George.|george.
Eric.|eric.
Ivan.|ivan.
Emmett.|emmett.
Kaiden.|kaiden.
Ashton.|ashton.
Khloe.|khloe.
Alexandra.|alexandra.
Hadley.|hadley.
Eliana.|eliana.
Kingston.|kingston.
Sophie.|sophie.
London.|london.
Jonah.|jonah.
Elena.|elena.
Jameson.|jameson.
Kai.|kai.
Bailey.|bailey.
Maria.|maria.
Luna.|luna.
Willow.|willow.
Jasmine.|jasmine.
Maddox.|maddox.
Timothy.|timothy.
Kinsley.|kinsley.
Ezekiel.|ezekiel.
Valentina.|valentina.
Ryker.|ryker.
Emmanuel.|emmanuel.
Kayla.|kayla.
Hayden.|hayden.
Antonio.|antonio.
Delilah.|delilah.
Andrea.|andrea.
Bennett.|bennett.
Steven.|steven.
Natalia.|natalia.
Lauren.|lauren.
Morgan.|morgan.
Rylee.|rylee.
Richard.|richard.
Sydney.|sydney.
Jude.|jude.
Adalynn.|adalynn.
Mary.|mary.
Luca.|luca.
Edward.|edward.
Joel.|joel.
Victor.|victor.
Miguel.|miguel.
Liliana.|liliana.
Malachi.|malachi.
King.|king.
Patrick.|patrick.
Brielle.|brielle.
Kaleb.|kaleb.
Ivy.|ivy.
Bryan.|bryan.
Josephine.|josephine.
Alan.|alan.
Adalyn.|adalyn.
Jocelyn.|jocelyn.
Marcus.|marcus.
Preston.|preston.
Abraham.|abraham.
Calvin.|calvin.
Colin.|colin.
Adeline.|adeline.
Bradley.|bradley.
Jeremy.|jeremy.
Kyle.|kyle.
Graham.|graham.
Jordyn.|jordyn.
Grant.|grant.
Ariel.|ariel.
Jesse.|jesse.
Kaden.|kaden.
Alejandro.|alejandro.
Lilly.|lilly.
Paige.|paige.
Jase.|jase.
Karter.|karter.
Isla.|isla.
Lyla.|lyla.
Maverick.|maverick.
Aidan.|aidan.
Makayla.|makayla.
Emilia.|emilia.
Avery.|avery.
Amir.|amir.
Brian.|brian.
Mya.|mya.
Kendall.|kendall.
Iker.|iker.
Matteo.|matteo.
Isabel.|isabel.
Brooke.|brooke.
Caden.|caden.
Zayden.|zayden.
Mckenzie.|mckenzie.
Nicole.|nicole.
Payton.|payton.
Margaret.|margaret.
Mariah.|mariah.
Riley.|riley.
August.|august.
Eden.|eden.
Mark.|mark.
Maximus.|maximus.
Athena.|athena.
Amy.|amy.
Norah.|norah.
Brady.|brady.
Kenneth.|kenneth.
Paul.|paul.
Londyn.|londyn.
Jaden.|jaden.
Nicolas.|nicolas.
Valeria.|valeria.
Beau.|beau.
Sara.|sara.
Aliyah.|aliyah.
Angelina.|angelina.
Gracie.|gracie.
Dean.|dean.
Rose.|rose.
Jake.|jake.
Peter.|peter.
Rachel.|rachel.
Juliana.|juliana.
Elliot.|elliot.
Laila.|laila.
Finn.|finn.
Brooklynn.|brooklynn.
Valerie.|valerie.
Derek.|derek.
Sean.|sean.
Cayden.|cayden.
Elliott.|elliott.
Alina.|alina.
Jax.|jax.
Jasper.|jasper.
Lorenzo.|lorenzo.
Omar.|omar.
Eliza.|eliza.
Beckett.|beckett.
Alaina.|alaina.
Rowan.|rowan.
Raelynn.|raelynn.
Leilani.|leilani.
Catherine.|catherine.
Emerson.|emerson.
Gael.|gael.
Cecilia.|cecilia.
Corbin.|corbin.
Genevieve.|genevieve.
Daisy.|daisy.
Waylon.|waylon.
Harmony.|harmony.
Vanessa.|vanessa.
Adriana.|adriana.
Presley.|presley.
Rebecca.|rebecca.
Destiny.|destiny.
Hayden.|hayden.
Tanner.|tanner.
Julianna.|julianna.
Michelle.|michelle.
Javier.|javier.
Adelyn.|adelyn.
Callie.|callie.
Charlie.|charlie.
Paxton.|paxton.
Emiliano.|emiliano.
Kaitlyn.|kaitlyn.
Brooks.|brooks.
Zane.|zane.
Ryleigh.|ryleigh.
Lila.|lila.
Daniela.|daniela.
Arya.|arya.
Simon.|simon.
Judah.|judah.
Alana.|alana.
Griffin.|griffin.
Finley.|finley.
Gabrielle.|gabrielle.
Gunner.|gunner.
Jessica.|jessica.
Dawson.|dawson.
Israel.|israel.
Charlie.|charlie.
Stephanie.|stephanie.
Makenzie.|makenzie.
Ana.|ana.
Amaya.|amaya.
Alexandria.|alexandria.
Alivia.|alivia.
Nova.|nova.
Messiah.|messiah.
Kameron.|kameron.
Anastasia.|anastasia.
Iris.|iris.
Marley.|marley.
Fiona.|fiona.
Angela.|angela.
Giselle.|giselle.
Stephen.|stephen.
Francisco.|francisco.
Kate.|kate.
Clayton.|clayton.
Alayna.|alayna.
Lola.|lola.
Lucia.|lucia.
Eduardo.|eduardo.
Juliette.|juliette.
Parker.|parker.
Teagan.|teagan.
Sienna.|sienna.
Spencer.|spencer.
Lukas.|lukas.
Georgia.|georgia.
Cali.|cali.
Vivienne.|vivienne.
Damien.|damien.
Dallas.|dallas.
Kinley.|kinley.
Conner.|conner.
Travis.|travis.
Daleyza.|daleyza.
Kylee.|kylee.
Knox.|knox.
Jayla.|jayla.
Raymond.|raymond.
Katelyn.|katelyn.
Peyton.|peyton.
Devin.|devin.
Felix.|felix.
Jayceon.|jayceon.
Collin.|collin.
Amari.|amari.
Erick.|erick.
Cash.|cash.
Juliet.|juliet.
Jaiden.|jaiden.
Fernando.|fernando.
Keegan.|keegan.
Garrett.|garrett.
Rhett.|rhett.
Ricardo.|ricardo.
Martin.|martin.
Reid.|reid.
Seth.|seth.
Maggie.|maggie.
Dakota.|dakota.
Delaney.|delaney.
Brynlee.|brynlee.
Andre.|andre.
Keira.|keira.
Camille.|camille.
Cesar.|cesar.
Titus.|titus.
Leila.|leila.
Mckenna.|mckenna.
Aniyah.|aniyah.
Donovan.|donovan.
Manuel.|manuel.
Caiden.|caiden.
Adriel.|adriel.
Kyler.|kyler.
Noelle.|noelle.
Josie.|josie.
Melissa.|melissa.
Milo.|milo.
Gabriela.|gabriela.
Allie.|allie.
Jeffrey.|jeffrey.
Holden.|holden.
Arthur.|arthur.
Cassidy.|cassidy.
Jacqueline.|jacqueline.
Brynn.|brynn.
Karson.|karson.
Sawyer.|sawyer.
Rafael.|rafael.
Jordan.|jordan.
Paris.|paris.
Shane.|shane.
Lane.|lane.
Louis.|louis.
Angelo.|angelo.
Olive.|olive.
Ayla.|ayla.
Remington.|remington.
Troy.|troy.
Emerson.|emerson.
Maximiliano.|maximiliano.
Hector.|hector.
Rosalie.|rosalie.
Kali.|kali.
Anderson.|anderson.
Maci.|maci.
Gemma.|gemma.
Lilliana.|lilliana.
Raegan.|raegan.
Lena.|lena.
Adelaide.|adelaide.
Phoenix.|phoenix.
Walter.|walter.
Journey.|journey.
Johnathan.|johnathan.
Johnny.|johnny.
Adelynn.|adelynn.
Edwin.|edwin.
Julius.|julius.
Alessandra.|alessandra.
Kenzie.|kenzie.
Barrett.|barrett.
Miranda.|miranda.
Leon.|leon.
Haley.|haley.
June.|june.
Harley.|harley.
Charlee.|charlee.
Tyson.|tyson.
Lucille.|lucille.
Talia.|talia.
Skyler.|skyler.
Makenna.|makenna.
Phoebe.|phoebe.
Tobias.|tobias.
Edgar.|edgar.
Jane.|jane.
Lyric.|lyric.
Angel.|angel.
Dominick.|dominick.
Elaina.|elaina.
Adrianna.|adrianna.
Ruth.|ruth.
Marshall.|marshall.
Miriam.|miriam.
Diana.|diana.
Mariana.|mariana.
Danielle.|danielle.
Marco.|marco.
Jenna.|jenna.
Joaquin.|joaquin.
Shelby.|shelby.
Nina.|nina.
Dante.|dante.
Madeleine.|madeleine.
Andy.|andy.
Elliana.|elliana.
Cruz.|cruz.
Ali.|ali.
Amina.|amina.
Amiyah.|amiyah.
Finley.|finley.
Joanna.|joanna.
Jada.|jada.
Lexi.|lexi.
Katie.|katie.
Dalton.|dalton.
Maddison.|maddison.
Gideon.|gideon.
Reed.|reed.
Fatima.|fatima.
Enzo.|enzo.
Sergio.|sergio.
Jett.|jett.
Thiago.|thiago.
Kyrie.|kyrie.
Ronan.|ronan.
Malia.|malia.
Lilah.|lilah.
Madilyn.|madilyn.
Cohen.|cohen.
Amanda.|amanda.
Colt.|colt.
Erik.|erik.
Alexia.|alexia.
Kathryn.|kathryn.
Paislee.|paislee.
Selena.|selena.
Trenton.|trenton.
Jared.|jared.
Laura.|laura.
Walker.|walker.
Annie.|annie.
Landen.|landen.
Nyla.|nyla.
Catalina.|catalina.
Kayleigh.|kayleigh.
Sloane.|sloane.
Kamila.|kamila.
Alexis.|alexis.
Nash.|nash.
Jaylen.|jaylen.
Lia.|lia.
Haven.|haven.
Rowan.|rowan.
Ashlyn.|ashlyn.
Gregory.|gregory.
Emanuel.|emanuel.
Christina.|christina.
Amber.|amber.
Killian.|killian.
Myla.|myla.
Addilyn.|addilyn.
Erin.|erin.
Allen.|allen.
Alison.|alison.
Ainsley.|ainsley.
Raelyn.|raelyn.
Atticus.|atticus.
Kendra.|kendra.
Shawn.|shawn.
Heidi.|heidi.
Grady.|grady.
Kelsey.|kelsey.
Nadia.|nadia.
Alondra.|alondra.
Cheyenne.|cheyenne.
Kaydence.|kaydence.
Mikayla.|mikayla.
Quinn.|quinn.
Frank.|frank.
Heaven.|heaven.
Dakota.|dakota.
Arielle.|arielle.
Roberto.|roberto.
Lana.|lana.
Sabrina.|sabrina.
Kyla.|kyla.
Beckham.|beckham.
Ada.|ada.
Gracelyn.|gracelyn.
Major.|major.
Allyson.|allyson.
Kira.|kira.
Briella.|briella.
Kamryn.|kamryn.
Skyler.|skyler.
Adaline.|adaline.
Alicia.|alicia.
Nehemiah.|nehemiah.
Ember.|ember.
Aylin.|aylin.
Drew.|drew.
Veronica.|veronica.
Muhammad.|muhammad.
Esmeralda.|esmeralda.
Leslie.|leslie.
Aspen.|aspen.
Gia.|gia.
Kendrick.|kendrick.
Pedro.|pedro.
Ashlynn.|ashlynn.
Scarlet.|scarlet.
Aden.|aden.
Kamden.|kamden.
Journee.|journee.
Ruben.|ruben.
Zaiden.|zaiden.
Daphne.|daphne.
Clark.|clark.
Noel.|noel.
Bianca.|bianca.
Mckinley.|mckinley.
Amira.|amira.
Solomon.|solomon.
Romeo.|romeo.
Kyleigh.|kyleigh.
Malik.|malik.
Megan.|megan.
Daxton.|daxton.
Skye.|skye.
Leland.|leland.
Elsie.|elsie.
Kennedi.|kennedi.
Averie.|averie.
Rylie.|rylie.
Kash.|kash.
Gracelynn.|gracelynn.
Abram.|abram.
Emersyn.|emersyn.
Logan.|logan.
Derrick.|derrick.
Camryn.|camryn.
Kade.|kade.
Gunnar.|gunnar.
Brendan.|brendan.
Leonel.|leonel.
Kason.|kason.
Dylan.|dylan.
Elle.|elle.
Kiara.|kiara.
Braylon.|braylon.
Legend.|legend.
Zara.|zara.
Pablo.|pablo.
April.|april.
Jay.|jay.
Gwendolyn.|gwendolyn.
Anaya.|anaya.
Baylee.|baylee.
Brinley.|brinley.
Adan.|adan.
Jensen.|jensen.
Sierra.|sierra.
Annalise.|annalise.
Tatum.|tatum.
Serena.|serena.
Esteban.|esteban.
Dahlia.|dahlia.
Kellan.|kellan.
Macy.|macy.
Drake.|drake.
Warren.|warren.
Ismael.|ismael.
Madelynn.|madelynn.
Briana.|briana.
Ari.|ari.
Freya.|freya.
Russell.|russell.
Macie.|macie.
Bruce.|bruce.
Finnegan.|finnegan.
Marcos.|marcos.
Jayson.|jayson.
Theo.|theo.
Helen.|helen.
Bethany.|bethany.
Leia.|leia.
Jaxton.|jaxton.
Phillip.|phillip.
Harlow.|harlow.
Dexter.|dexter.
Braylen.|braylen.
Armando.|armando.
Blake.|blake.
Jayleen.|jayleen.
Braden.|braden.
Angelica.|angelica.
Corey.|corey.
Marilyn.|marilyn.
Kolton.|kolton.
Viviana.|viviana.
Gerardo.|gerardo.
Francesca.|francesca.
Ace.|ace.
Juniper.|juniper.
Ellis.|ellis.
Malcolm.|malcolm.
Tate.|tate.
Carolina.|carolina.
Jazmin.|jazmin.
Zachariah.|zachariah.
Maliyah.|maliyah.
Chandler.|chandler.
Cataleya.|cataleya.
Milan.|milan.
Keith.|keith.
Joy.|joy.
Abby.|abby.
Malaysia.|malaysia.
Nylah.|nylah.
Sarai.|sarai.
Evelynn.|evelynn.
Danny.|danny.
Nia.|nia.
Damon.|damon.
Zuri.|zuri.
Enrique.|enrique.
Addyson.|addyson.
Kane.|kane.
Aleah.|aleah.
Princeton.|princeton.
Hugo.|hugo.
Kaia.|kaia.
Ronald.|ronald.
Bristol.|bristol.
Philip.|philip.
Lorelei.|lorelei.
Jazmine.|jazmine.
Maeve.|maeve.
Ibrahim.|ibrahim.
Alejandra.|alejandra.
Justice.|justice.
Kayson.|kayson.
Lawson.|lawson.
Harvey.|harvey.
Julie.|julie.
Marlee.|marlee.
Phoenix.|phoenix.
Jimena.|jimena.
Albert.|albert.
Donald.|donald.
Emmalyn.|emmalyn.
Nayeli.|nayeli.
Raul.|raul.
Aleena.|aleena.
Brittany.|brittany.
Franklin.|franklin.
Hendrix.|hendrix.
Odin.|odin.
Amara.|amara.
Karina.|karina.
Giuliana.|giuliana.
Thea.|thea.
Brennan.|brennan.
Jamison.|jamison.
Braelynn.|braelynn.
Kassidy.|kassidy.
Braelyn.|braelyn.
Luciana.|luciana.
Aubrie.|aubrie.
Janelle.|janelle.
Dillon.|dillon.
Madisyn.|madisyn.
Brylee.|brylee.
Leighton.|leighton.
Ryan.|ryan.
Brock.|brock.
Amari.|amari.
Eve.|eve.
Millie.|millie.
Landyn.|landyn.
Mohamed.|mohamed.
Kelly.|kelly.
Selah.|selah.
Lacey.|lacey.
Brycen.|brycen.
Haylee.|haylee.
Deacon.|deacon.
Jaylah.|jaylah.
Colby.|colby.
Alec.|alec.
Julio.|julio.
Scott.|scott.
Matias.|matias.
Sullivan.|sullivan.
Sylvia.|sylvia.
Rodrigo.|rodrigo.
Elisa.|elisa.
Elsa.|elsa.
Cason.|cason.
Hattie.|hattie.
Rocco.|rocco.
Aisha.|aisha.
Nico.|nico.
Itzel.|itzel.
Kyra.|kyra.
Royal.|royal.
Augustus.|augustus.
Jayda.|jayda.
Michaela.|michaela.
Madilynn.|madilynn.
Jamie.|jamie.
Raiden.|raiden.
Remi.|remi.
Kasen.|kasen.
Benson.|benson.
Cyrus.|cyrus.
Jazlyn.|jazlyn.
Karen.|karen.
Savanna.|savanna.
Davis.|davis.
Khalil.|khalil.
Zariah.|zariah.
Conor.|conor.
Nikolai.|nikolai.
Lauryn.|lauryn.
Alijah.|alijah.
Mathew.|mathew.
Keaton.|keaton.
Alanna.|alanna.
Kara.|kara.
Francis.|francis.
Karla.|karla.
Quentin.|quentin.
Ty.|ty.
Cassandra.|cassandra.
Ariah.|ariah.
Evie.|evie.
Jaime.|jaime.
Aileen.|aileen.
Lennon.|lennon.
Charley.|charley.
Rosemary.|rosemary.
Danna.|danna.
Regina.|regina.
Ronin.|ronin.
Kian.|kian.
Kaelyn.|kaelyn.
Lennox.|lennox.
Virginia.|virginia.
Malakai.|malakai.
Hanna.|hanna.
Atlas.|atlas.
Rebekah.|rebekah.
Jerry.|jerry.
Alani.|alani.
Edith.|edith.
Liana.|liana.
Ryland.|ryland.
Charleigh.|charleigh.
Gloria.|gloria.
Ahmed.|ahmed.
Saul.|saul.
Cameron.|cameron.
Colette.|colette.
Kailey.|kailey.
Dennis.|dennis.
Lawrence.|lawrence.
Helena.|helena.
Matilda.|matilda.
Zayne.|zayne.
Imani.|imani.
Bodhi.|bodhi.
Bridget.|bridget.
Cynthia.|cynthia.
Janiyah.|janiyah.
Marissa.|marissa.
Arjun.|arjun.
Darius.|darius.
Johanna.|johanna.
Sasha.|sasha.
Arlo.|arlo.
Eden.|eden.
Tony.|tony.
Kaliyah.|kaliyah.
Dustin.|dustin.
Cecelia.|cecelia.
Kellen.|kellen.
Adelina.|adelina.
Jessa.|jessa.
Hayley.|hayley.
Julissa.|julissa.
Chris.|chris.
Mohammed.|mohammed.
Nasir.|nasir.
Omari.|omari.
Crystal.|crystal.
Kaylie.|kaylie.
Bailee.|bailee.
Kieran.|kieran.
Nixon.|nixon.
Rhys.|rhys.
Charli.|charli.
Henley.|henley.
Anya.|anya.
Maia.|maia.
Skyla.|skyla.
Armani.|armani.
Arturo.|arturo.
Liberty.|liberty.
Bowen.|bowen.
Frederick.|frederick.
Callen.|callen.
Leonidas.|leonidas.
Remy.|remy.
Fernanda.|fernanda.
Wade.|wade.
Monica.|monica.
Braylee.|braylee.
Dallas.|dallas.
Mariam.|mariam.
Luka.|luka.
Marie.|marie.
Jakob.|jakob.
Winston.|winston.
Justice.|justice.
Beatrice.|beatrice.
Hallie.|hallie.
Alonzo.|alonzo.
Maryam.|maryam.
Aarav.|aarav.
Gustavo.|gustavo.
Angelique.|angelique.
Anne.|anne.
Madalyn.|madalyn.
Alayah.|alayah.
Annika.|annika.
Greta.|greta.
Royce.|royce.
Asa.|asa.
Gannon.|gannon.
Kyson.|kyson.
Lilyana.|lilyana.
Hank.|hank.
Izaiah.|izaiah.
Roy.|roy.
Kadence.|kadence.
Raphael.|raphael.
Luciano.|luciano.
Coraline.|coraline.
Lainey.|lainey.
Mabel.|mabel.
Hayes.|hayes.
Lillie.|lillie.
Case.|case.
Darren.|darren.
Mohammad.|mohammad.
Otto.|otto.
Anika.|anika.
Layton.|layton.
Azalea.|azalea.
Isaias.|isaias.
Dayana.|dayana.
Alberto.|alberto.
Jamari.|jamari.
Colten.|colten.
Dax.|dax.
Marvin.|marvin.
Jaliyah.|jaliyah.
Casey.|casey.
Moshe.|moshe.
Addisyn.|addisyn.
Johan.|johan.
Sam.|sam.
Matthias.|matthias.
Emilee.|emilee.
Mira.|mira.
Larry.|larry.
Trey.|trey.
Angie.|angie.
Lilith.|lilith.
Mae.|mae.
Devon.|devon.
Meredith.|meredith.
Mauricio.|mauricio.
Guadalupe.|guadalupe.
Emelia.|emelia.
Margot.|margot.
Mathias.|mathias.
Melina.|melina.
Issac.|issac.
Aniya.|aniya.
Gianni.|gianni.
Alena.|alena.
Ahmad.|ahmad.
Myra.|myra.
Nikolas.|nikolas.
Oakley.|oakley.
Elianna.|elianna.
Caitlyn.|caitlyn.
Uriel.|uriel.
Jaelynn.|jaelynn.
Lewis.|lewis.
Randy.|randy.
Cullen.|cullen.
Braydon.|braydon.
Ezequiel.|ezequiel.
Jaelyn.|jaelyn.
Reece.|reece.
Jimmy.|jimmy.
Demi.|demi.
Crosby.|crosby.
Mikaela.|mikaela.
Tiana.|tiana.
Blair.|blair.
Shiloh.|shiloh.
Soren.|soren.
Ariyah.|ariyah.
Uriah.|uriah.
Roger.|roger.
Nathanael.|nathanael.
Caitlin.|caitlin.
Emmitt.|emmitt.
Gary.|gary.
Rayan.|rayan.
Ricky.|ricky.
Lindsey.|lindsey.
Oakley.|oakley.
Mitchell.|mitchell.
Alia.|alia.
Everleigh.|everleigh.
Roland.|roland.
Alfredo.|alfredo.
Cannon.|cannon.
Jalen.|jalen.
Ivanna.|ivanna.
Miah.|miah.
Emmy.|emmy.
Jessie.|jessie.
Tatum.|tatum.
Kobe.|kobe.
Anahi.|anahi.
Kaylin.|kaylin.
Ansley.|ansley.
Quinton.|quinton.
Annabel.|annabel.
Remington.|remington.
Korbin.|korbin.
Kora.|kora.
Maisie.|maisie.
Brayan.|brayan.
Joe.|joe.
Nathalie.|nathalie.
Byron.|byron.
Ariel.|ariel.
Carl.|carl.
Karsyn.|karsyn.
Pearl.|pearl.
Kristopher.|kristopher.
Irene.|irene.
Alvin.|alvin.
Duke.|duke.
Kimber.|kimber.
Rosa.|rosa.
Lylah.|lylah.
Magnolia.|magnolia.
London.|london.
Samara.|samara.
Jasiah.|jasiah.
Elliot.|elliot.
Renata.|renata.
Boston.|boston.
Galilea.|galilea.
Kensley.|kensley.
Kiera.|kiera.
Whitney.|whitney.
Amelie.|amelie.
Siena.|siena.
Bria.|bria.
Laney.|laney.
Perla.|perla.
Lennon.|lennon.
Tatiana.|tatiana.
Zelda.|zelda.
Deandre.|deandre.
Jaycee.|jaycee.
Kori.|kori.
Montserrat.|montserrat.
Lorelai.|lorelai.
Madden.|madden.
Adele.|adele.
Elyse.|elyse.
Katelynn.|katelynn.
Kynlee.|kynlee.
Sylas.|sylas.
Marina.|marina.
Orlando.|orlando.
Jayden.|jayden.
Kailyn.|kailyn.
Hamza.|hamza.
Avah.|avah.
Kenley.|kenley.
Bo.|bo.
Aldo.|aldo.
Douglas.|douglas.
Tristen.|tristen.
Wilson.|wilson.
Aviana.|aviana.
Maurice.|maurice.
Armani.|armani.
Dulce.|dulce.
Samson.|samson.
Alaia.|alaia.
Cayson.|cayson.
Teresa.|teresa.
Natasha.|natasha.
Bryant.|bryant.
Conrad.|conrad.
Milani.|milani.
Amirah.|amirah.
Breanna.|breanna.
Linda.|linda.
Tenley.|tenley.
Dane.|dane.
Julien.|julien.
Sincere.|sincere.
Sutton.|sutton.
Noe.|noe.
Elliott.|elliott.
Salvador.|salvador.
Aliza.|aliza.
Nelson.|nelson.
Kenna.|kenna.
Meadow.|meadow.
Alyson.|alyson.
Edison.|edison.
Ramon.|ramon.
Mekhi.|mekhi.
Niko.|niko.
Milana.|milana.
Ayaan.|ayaan.
Erica.|erica.
Esme.|esme.
Leona.|leona.
Vihaan.|vihaan.
Joselyn.|joselyn.
Neil.|neil.
Madalynn.|madalynn.
Titan.|titan.
Alma.|alma.
Chanel.|chanel.
Myah.|myah.
Karter.|karter.
Zahra.|zahra.
Ernesto.|ernesto.
Audrina.|audrina.
Ariya.|ariya.
Jemma.|jemma.
Eileen.|eileen.
Brentley.|brentley.
Kallie.|kallie.
Milan.|milan.
Emmalynn.|emmalynn.
Lionel.|lionel.
Zayn.|zayn.
Lailah.|lailah.
Sloan.|sloan.
Clarissa.|clarissa.
Karlee.|karlee.
Laylah.|laylah.
Dominik.|dominik.
Amiya.|amiya.
Ellen.|ellen.
Cassius.|cassius.
Rowen.|rowen.
Hadassah.|hadassah.
Danica.|danica.
Jaylene.|jaylene.
Blaine.|blaine.
Averi.|averi.
Reyna.|reyna.
Kelvin.|kelvin.
Saige.|saige.
Wren.|wren.
Lexie.|lexie.
Dorothy.|dorothy.
Lilianna.|lilianna.
Jaxen.|jaxen.
Memphis.|memphis.
Monroe.|monroe.
Leonard.|leonard.
Aryanna.|aryanna.
Elisabeth.|elisabeth.
Abdullah.|abdullah.
Jacoby.|jacoby.
Liv.|liv.
Janessa.|janessa.
Jaylynn.|jaylynn.
Livia.|livia.
Rayna.|rayna.
Allan.|allan.
Jagger.|jagger.
Alaya.|alaya.
Malaya.|malaya.
Forrest.|forrest.
Guillermo.|guillermo.
Mack.|mack.
Zechariah.|zechariah.
Harley.|harley.
Cara.|cara.
Erika.|erika.
Terry.|terry.
Amani.|amani.
Clare.|clare.
Kylan.|kylan.
Addilynn.|addilynn.
Roselyn.|roselyn.
Fletcher.|fletcher.
Rohan.|rohan.
Corinne.|corinne.
Paola.|paola.
Jolene.|jolene.
Eddie.|eddie.
Anabelle.|anabelle.
Bronson.|bronson.
Aliana.|aliana.
Lea.|lea.
Mara.|mara.
Jefferson.|jefferson.
Lennox.|lennox.
Rayden.|rayden.
Claudia.|claudia.
Kristina.|kristina.
Jaylee.|jaylee.
Kaylynn.|kaylynn.
Zariyah.|zariyah.
Marc.|marc.
Morgan.|morgan.
Gwen.|gwen.
Kinslee.|kinslee.
Demetrius.|demetrius.
Avianna.|avianna.
Lisa.|lisa.
Raquel.|raquel.
Kristian.|kristian.
Jolie.|jolie.
Carolyn.|carolyn.
Courtney.|courtney.
Penny.|penny.
Royal.|royal.
Hezekiah.|hezekiah.
Lee.|lee.
Alannah.|alannah.
Ciara.|ciara.
Chaya.|chaya.
Kassandra.|kassandra.
Milena.|milena.
Alessandro.|alessandro.
Makai.|makai.
Rex.|rex.
Mina.|mina.
Noa.|noa.
Callum.|callum.
Leanna.|leanna.
Zoie.|zoie.
Ariadne.|ariadne.
Monserrat.|monserrat.
Nola.|nola.
Kamari.|kamari.
Carlee.|carlee.
Isabela.|isabela.
Jazlynn.|jazlynn.
Kairi.|kairi.
Laurel.|laurel.
Sky.|sky.
Rosie.|rosie.
Casen.|casen.
Tripp.|tripp.
Stanley.|stanley.
Toby.|toby.
Aubrielle.|aubrielle.
Kenia.|kenia.
Noemi.|noemi.
Scarlette.|scarlette.
Langston.|langston.
Melvin.|melvin.
Payton.|payton.
Farrah.|farrah.
Leyla.|leyla.
Flynn.|flynn.
Jamir.|jamir.
Kyree.|kyree.
Aryan.|aryan.
Amia.|amia.
Bryanna.|bryanna.
Axton.|axton.
Azariah.|azariah.
Branson.|branson.
Naya.|naya.
Wynter.|wynter.
Hunter.|hunter.
Katalina.|katalina.
Adonis.|adonis.
Taliyah.|taliyah.
Thaddeus.|thaddeus.
Amaris.|amaris.
Emerie.|emerie.
Martha.|martha.
Thalia.|thalia.
Zeke.|zeke.
Christine.|christine.
Brenna.|brenna.
Milania.|milania.
Salma.|salma.
Tommy.|tommy.
Lillianna.|lillianna.
Marjorie.|marjorie.
Blaze.|blaze.
Carmelo.|carmelo.
Shayla.|shayla.
Zendaya.|zendaya.
Aurelia.|aurelia.
Brenda.|brenda.
Julieta.|julieta.
Bruno.|bruno.
Adilynn.|adilynn.
Deborah.|deborah.
Keyla.|keyla.
Patricia.|patricia.
Kaysen.|kaysen.
Layne.|layne.
Ray.|ray.
Hadlee.|hadlee.
Giovanna.|giovanna.
Kailee.|kailee.
Desiree.|desiree.
Crew.|crew.
Jedidiah.|jedidiah.
Rodney.|rodney.
Casey.|casey.
Karlie.|karlie.
Khaleesi.|khaleesi.
Lara.|lara.
Tori.|tori.
Clay.|clay.
Tomas.|tomas.
Clementine.|clementine.
Nancy.|nancy.
Alden.|alden.
Ayleen.|ayleen.
Estelle.|estelle.
Jadiel.|jadiel.
Celine.|celine.
Madyson.|madyson.
Zaniyah.|zaniyah.
Harper.|harper.
Adley.|adley.
Amalia.|amalia.
Paityn.|paityn.
Kathleen.|kathleen.
Sandra.|sandra.
Lizbeth.|lizbeth.
Maleah.|maleah.
Micah.|micah.
Brecken.|brecken.
Nickolas.|nickolas.
Aryana.|aryana.
Hailee.|hailee.
Kareem.|kareem.
Aiyana.|aiyana.
Joyce.|joyce.
Ryann.|ryann.
Kaison.|kaison.
Caylee.|caylee.
Kalani.|kalani.
Marisol.|marisol.
Nathaly.|nathaly.
Alonso.|alonso.
Amos.|amos.
Vicente.|vicente.
Briar.|briar.
Samir.|samir.
Holland.|holland.
Lindsay.|lindsay.
Remy.|remy.
Jamal.|jamal.
Jon.|jon.
Adrienne.|adrienne.
Azariah.|azariah.
Harlee.|harlee.
Dana.|dana.
Frida.|frida.
Marianna.|marianna.
Yamileth.|yamileth.
Bobby.|bobby.
Chana.|chana.
Kaya.|kaya.
Lina.|lina.
Aron.|aron.
Ben.|ben.
Ford.|ford.
Celia.|celia.
Brodie.|brodie.
Analia.|analia.
Hana.|hana.
Finnley.|finnley.
Jayde.|jayde.
Joslyn.|joslyn.
Romina.|romina.
Briggs.|briggs.
Kingsley.|kingsley.
Barbara.|barbara.
Brett.|brett.
Bryleigh.|bryleigh.
Emilie.|emilie.
Nathalia.|nathalia.
Wayne.|wayne.
Zackary.|zackary.
Evalyn.|evalyn.
Apollo.|apollo.
Joziah.|joziah.
Lucca.|lucca.
Bonnie.|bonnie.
Zaria.|zaria.
Carla.|carla.
Kailani.|kailani.
Rivka.|rivka.
Bentlee.|bentlee.
Hassan.|hassan.
Westin.|westin.
Paulina.|paulina.
Joey.|joey.
Kayden.|kayden.
Marcelo.|marcelo.
Giana.|giana.
Axl.|axl.
Jermaine.|jermaine.
Chad.|chad.
Kaiya.|kaiya.
Sariah.|sariah.
Gerald.|gerald.
Kole.|kole.
Avalynn.|avalynn.
Jasmin.|jasmin.
Dash.|dash.
Dayton.|dayton.
Aya.|aya.
Jewel.|jewel.
Kristen.|kristen.
Paula.|paula.
Astrid.|astrid.
Jordynn.|jordynn.
Kenya.|kenya.
Lachlan.|lachlan.
Shaun.|shaun.
Ann.|ann.
Annalee.|annalee.
Kai.|kai.
Ronnie.|ronnie.
Kiley.|kiley.
Marleigh.|marleigh.
Kolten.|kolten.
Marcel.|marcel.
Stetson.|stetson.
Julianne.|julianne.
Nataly.|nataly.
Willie.|willie.
Aminah.|aminah.
Amya.|amya.
Iliana.|iliana.
Jaida.|jaida.
Paloma.|paloma.
Asia.|asia.
Louisa.|louisa.
Sarahi.|sarahi.
Tara.|tara.
Brantlee.|brantlee.
Andi.|andi.
Arden.|arden.
Dalary.|dalary.
Elisha.|elisha.
Maxim.|maxim.
Aimee.|aimee.
Alisson.|alisson.
Halle.|halle.
Kendall.|kendall.
Aitana.|aitana.
Harry.|harry.
Leandro.|leandro.
Landry.|landry.
Alisha.|alisha.
Elin.|elin.
Maliah.|maliah.
Aaden.|aaden.
Kohen.|kohen.
Belen.|belen.
Briley.|briley.
Raina.|raina.
Vienna.|vienna.
Enoch.|enoch.
Mayson.|mayson.
Neymar.|neymar.
Esperanza.|esperanza.
Giovani.|giovani.
Judith.|judith.
Alfonso.|alfonso.
Duncan.|duncan.
Faye.|faye.
Braeden.|braeden.
Dwayne.|dwayne.
Keagan.|keagan.
Susan.|susan.
Felipe.|felipe.
Aliya.|aliya.
Aranza.|aranza.
Fisher.|fisher.
Stefan.|stefan.
Jaylin.|jaylin.
Kyndall.|kyndall.
Saniyah.|saniyah.
Wendy.|wendy.
Azaria.|azaria.
Kaelynn.|kaelynn.
Neriah.|neriah.
Zainab.|zainab.
Alissa.|alissa.
Dixie.|dixie.
Veda.|veda.
Aydin.|aydin.
Nala.|nala.
Tabitha.|tabitha.
Anson.|anson.
Cordelia.|cordelia.
Ellison.|ellison.
Meilani.|meilani.
Clyde.|clyde.
Angeline.|angeline.
Reina.|reina.
Tegan.|tegan.
Blaise.|blaise.
Canaan.|canaan.
Maxton.|maxton.
Hadleigh.|hadleigh.
Harmoni.|harmoni.
Kimora.|kimora.
Ingrid.|ingrid.
Lilia.|lilia.
Luz.|luz.
Harold.|harold.
Aislinn.|aislinn.
America.|america.
Ellis.|ellis.
Elora.|elora.
Heather.|heather.
Natalee.|natalee.
Baylor.|baylor.
Miya.|miya.
Jenny.|jenny.
Emmalee.|emmalee.
Kensington.|kensington.
Kiana.|kiana.
Lilyanna.|lilyanna.
Tinley.|tinley.
Gordon.|gordon.
Ophelia.|ophelia.
Rene.|rene.
Vincenzo.|vincenzo.
Moriah.|moriah.
Sharon.|sharon.
Kamdyn.|kamdyn.
Marlon.|marlon.
Charlize.|charlize.
Castiel.|castiel.
Lamar.|lamar.
Abril.|abril.
Avalyn.|avalyn.
Mariyah.|mariyah.
Taya.|taya.
Augustine.|augustine.
Jamie.|jamie.
Ireland.|ireland.
Lyra.|lyra.
Noor.|noor.
Sariyah.|sariyah.
Eugene.|eugene.
Giavanna.|giavanna.
Stevie.|stevie.
Harlan.|harlan.
Kase.|kase.
Miller.|miller.
Van.|van.
Rhea.|rhea.
Zaylee.|zaylee.
Kolby.|kolby.
Sonny.|sonny.
Frankie.|frankie.
Janiya.|janiya.
Jocelynn.|jocelynn.
Libby.|libby.
Junior.|junior.
Aubrianna.|aubrianna.
Kaitlynn.|kaitlynn.
Graysen.|graysen.
Heath.|heath.
Rogelio.|rogelio.
Sidney.|sidney.
Amare.|amare.
Ameer.|ameer.
Camdyn.|camdyn.
Jerome.|jerome.
Maison.|maison.
Alianna.|alianna.
Mollie.|mollie.
Micheal.|micheal.
Aadhya.|aadhya.
Janae.|janae.
Mattie.|mattie.
Tinsley.|tinsley.
Cristiano.|cristiano.
Giancarlo.|giancarlo.
Henrik.|henrik.
Lochlan.|lochlan.
Aliah.|aliah.
Ari.|ari.
Aubri.|aubri.
Kaidence.|kaidence.
Danika.|danika.
Jana.|jana.
Mavis.|mavis.
Bode.|bode.
Camron.|camron.
Houston.|houston.
Mercy.|mercy.
Hugh.|hugh.
Kannon.|kannon.
Konnor.|konnor.
Antonia.|antonia.
India.|india.
Miley.|miley.
Raylee.|raylee.
Emmet.|emmet.
Kamryn.|kamryn.
Maximo.|maximo.
Regan.|regan.
Robin.|robin.
Adrien.|adrien.
Cedric.|cedric.
Dariel.|dariel.
Landry.|landry.
Leighton.|leighton.
Magnus.|magnus.
Abrielle.|abrielle.
Akira.|akira.
Ayva.|ayva.
Cambria.|cambria.
Dani.|dani.
Devyn.|devyn.
Mckayla.|mckayla.
Rayne.|rayne.
Draven.|draven.
Javon.|javon.
Marley.|marley.
Zavier.|zavier.
Alyvia.|alyvia.
Markus.|markus.
Abbigail.|abbigail.
Diya.|diya.
Poppy.|poppy.
Justus.|justus.
Anais.|anais.
Anniston.|anniston.
Dalia.|dalia.
Reyansh.|reyansh.
Rudy.|rudy.
Santana.|santana.
Alisa.|alisa.
Ayana.|ayana.
Misael.|misael.
Addalyn.|addalyn.
Charleston.|charleston.
Abdiel.|abdiel.
Zaire.|zaire.
Amora.|amora.
Ellianna.|ellianna.
Samiyah.|samiyah.
Jordy.|jordy.
Reginald.|reginald.
Mylah.|mylah.
Benton.|benton.
Darwin.|darwin.
Franco.|franco.
Jairo.|jairo.
Jonathon.|jonathon.
Reuben.|reuben.
Urijah.|urijah.
Vivaan.|vivaan.
Amayah.|amayah.
Carlie.|carlie.
Robyn.|robyn.
Gauge.|gauge.
Alaysia.|alaysia.
Harleigh.|harleigh.
Kaleigh.|kaleigh.
Vaughn.|vaughn.
Belle.|belle.
Chandler.|chandler.
Cindy.|cindy.
Elina.|elina.
Kaylani.|kaylani.
Maddie.|maddie.
Shannon.|shannon.
Coleman.|coleman.
Zaid.|zaid.
Araceli.|araceli.
Audriana.|audriana.
Taryn.|taryn.
Terrell.|terrell.
Macey.|macey.
Kenny.|kenny.
Londynn.|londynn.
Brice.|brice.
Bayleigh.|bayleigh.
Carina.|carina.
Evalynn.|evalynn.
Lyric.|lyric.
Ayanna.|ayanna.
Sonia.|sonia.
Judson.|judson.
Shiloh.|shiloh.
August.|august.
Austyn.|austyn.
Emmie.|emmie.
Etta.|etta.
Ramona.|ramona.
Damari.|damari.
Kalel.|kalel.
Joelle.|joelle.
Paisleigh.|paisleigh.
Aanya.|aanya.
Berkley.|berkley.
Everlee.|everlee.
Vada.|vada.
Vivien.|vivien.
Braiden.|braiden.
Brenden.|brenden.
Coen.|coen.
Denver.|denver.
Thatcher.|thatcher.
Renee.|renee.
Rey.|rey.
Meghan.|meghan.
Pyper.|pyper.
Dilan.|dilan.
Spencer.|spencer.
Dimitri.|dimitri.
Immanuel.|immanuel.
Mustafa.|mustafa.
Gwyneth.|gwyneth.
Kasey.|kasey.
Mercedes.|mercedes.
Alvaro.|alvaro.
Dominique.|dominique.
Eliseo.|eliseo.
Ailyn.|ailyn.
Carleigh.|carleigh.
Karleigh.|karleigh.
Anakin.|anakin.
Craig.|craig.
Neveah.|neveah.
Rilynn.|rilynn.
Saanvi.|saanvi.
Santos.|santos.
Cristina.|cristina.
Honesty.|honesty.
Magdalena.|magdalena.
Maylee.|maylee.
Grey.|grey.
Ishaan.|ishaan.
Carley.|carley.
Jessie.|jessie.
Jonael.|jonael.
Maxine.|maxine.
Reign.|reign.
Alfred.|alfred.
Valentin.|valentin.
Kourtney.|kourtney.
Taraji.|taraji.
Jadon.|jadon.
Turner.|turner.
Maren.|maren.
Opal.|opal.
Ignacio.|ignacio.
Riaan.|riaan.
Rocky.|rocky.
Jurnee.|jurnee.
Riya.|riya.
Marquis.|marquis.
Jubilee.|jubilee.
Kylah.|kylah.
Musa.|musa.
Rosalee.|rosalee.
Keenan.|keenan.
Ridge.|ridge.
Addie.|addie.
Adela.|adela.
Fallon.|fallon.
Itzayana.|itzayana.
Natalya.|natalya.
Kymani.|kymani.
Rodolfo.|rodolfo.
Adalee.|adalee.
Campbell.|campbell.
Krystal.|krystal.
Luisa.|luisa.
Makena.|makena.
Samira.|samira.
Darrell.|darrell.
Steve.|steve.
Agustin.|agustin.
Jaziel.|jaziel.
Micaela.|micaela.
Rosalyn.|rosalyn.
Adilene.|adilene.
Kailynn.|kailynn.
Kelsie.|kelsie.
Selina.|selina.
Sherlyn.|sherlyn.
Whitley.|whitley.
Bree.|bree.
Maisy.|maisy.
Marlowe.|marlowe.
Violeta.|violeta.
Cairo.|cairo.
Kashton.|kashton.
Rashad.|rashad.
Aubriana.|aubriana.
Gibson.|gibson.
Jabari.|jabari.
Addalynn.|addalynn.
Kataleya.|kataleya.
Avi.|avi.
Quintin.|quintin.
Seamus.|seamus.
Izabelle.|izabelle.
Kamilah.|kamilah.
Rolando.|rolando.
Sutton.|sutton.
Adilyn.|adilyn.
Aleigha.|aleigha.
Gracyn.|gracyn.
Katerina.|katerina.
Larissa.|larissa.
Loretta.|loretta.
Sunny.|sunny.
Camilo.|camilo.
Triston.|triston.
Audrianna.|audrianna.
Baylor.|baylor.
Blaire.|blaire.
Brynleigh.|brynleigh.
Elodie.|elodie.
Katrina.|katrina.
Novalee.|novalee.
Cristopher.|cristopher.
Davin.|davin.
Ernest.|ernest.
Kamren.|kamren.
Addelyn.|addelyn.
Dalilah.|dalilah.
Davina.|davina.
Kaleah.|kaleah.
Marlene.|marlene.
Selene.|selene.
Anton.|anton.
Aydan.|aydan.
Huxley.|huxley.
Jovani.|jovani.
Wilder.|wilder.
Alessia.|alessia.
Bryn.|bryn.
Karma.|karma.
Bodie.|bodie.
Jordyn.|jordyn.
Louie.|louie.
Abbie.|abbie.
Drew.|drew.
Sylvie.|sylvie.
Kaeden.|kaeden.
Kamron.|kamron.
Ila.|ila.
Kamille.|kamille.
Milah.|milah.
Tia.|tia.
Winnie.|winnie.
Aarush.|aarush.
Deangelo.|deangelo.
Robin.|robin.
Annelise.|annelise.
Beatrix.|beatrix.
Emani.|emani.
Lillyanna.|lillyanna.
Theresa.|theresa.
Boden.|boden.
Ean.|ean.
Kye.|kye.
Kylen.|kylen.
Todd.|todd.
Truman.|truman.
Kalia.|kalia.
Kaylen.|kaylen.
Lillyana.|lillyana.
Malayah.|malayah.
Chevy.|chevy.
Gilbert.|gilbert.
Haiden.|haiden.
Deanna.|deanna.
Jacquelyn.|jacquelyn.
Kinlee.|kinlee.
Maritza.|maritza.
Marlie.|marlie.
Noel.|noel.
Brixton.|brixton.
Dangelo.|dangelo.
Juelz.|juelz.
Osvaldo.|osvaldo.
Ailani.|ailani.
Amiah.|amiah.
Bishop.|bishop.
Freddy.|freddy.
Reagan.|reagan.
Alora.|alora.
Ezra.|ezra.
Valery.|valery.
Frankie.|frankie.
Malaki.|malaki.
Kinzley.|kinzley.
Leela.|leela.
Lianna.|lianna.
Camren.|camren.
Deshawn.|deshawn.
Leroy.|leroy.
Giada.|giada.
Raya.|raya.
Seraphina.|seraphina.
Violette.|violette.
Briar.|briar.
Jaydon.|jaydon.
Brynley.|brynley.
Geneva.|geneva.
Tyler.|tyler.
Antoine.|antoine.
Ayan.|ayan.
Harris.|harris.
Tyree.|tyree.
Bexley.|bexley.
Elayna.|elayna.
Preslee.|preslee.
Harlem.|harlem.
Elia.|elia.
Haleigh.|haleigh.
Taj.|taj.
Annabeth.|annabeth.
Ashtyn.|ashtyn.
Coral.|coral.
Soraya.|soraya.
Brysen.|brysen.
Clinton.|clinton.
Deon.|deon.
Kooper.|kooper.
Semaj.|semaj.
Destinee.|destinee.
Kaley.|kaley.
Sanaa.|sanaa.
Jair.|jair.
Jericho.|jericho.
Rayyan.|rayyan.
Teagan.|teagan.
Dania.|dania.
Denver.|denver.
Egypt.|egypt.
Janice.|janice.
Mika.|mika.
Abner.|abner.
Bridger.|bridger.
Keanu.|keanu.
Koen.|koen.
Ramiro.|ramiro.
Anayah.|anayah.
Delia.|delia.
Malani.|malani.
Vivianna.|vivianna.
Eliezer.|eliezer.
Ira.|ira.
Isai.|isai.
Khalid.|khalid.
Maryjane.|maryjane.
Nahla.|nahla.
Nellie.|nellie.
Raylynn.|raylynn.
Braylin.|braylin.
Danilo.|danilo.
Foster.|foster.
Aliyana.|aliyana.
Eisley.|eisley.
Estefania.|estefania.
Jovie.|jovie.
Karissa.|karissa.
Leilah.|leilah.
Miyah.|miyah.
Alistair.|alistair.
Mike.|mike.
Emerald.|emerald.
Karis.|karis.
Kaycee.|kaycee.
Leena.|leena.
Fox.|fox.
Makhi.|makhi.
Westley.|westley.
Brisa.|brisa.
Caleigh.|caleigh.
Kendal.|kendal.
Howard.|howard.
Koda.|koda.
Zamir.|zamir.
Belinda.|belinda.
Cassie.|cassie.
Lorena.|lorena.
Cortez.|cortez.
Darryl.|darryl.
Garrison.|garrison.
Shmuel.|shmuel.
Aiyanna.|aiyanna.
Audra.|audra.
Britney.|britney.
Kamiyah.|kamiyah.
Kaylyn.|kaylyn.
Susanna.|susanna.
Jamar.|jamar.
Krish.|krish.
Merrick.|merrick.
Zyaire.|zyaire.
Ashton.|ashton.
Christiana.|christiana.
Mayra.|mayra.
Shea.|shea.
Tianna.|tianna.
Gilberto.|gilberto.
Jovanni.|jovanni.
Mccoy.|mccoy.
Ali.|ali.
Margo.|margo.
Nalani.|nalani.
Nya.|nya.
Rita.|rita.
Viola.|viola.
Brayson.|brayson.
Camryn.|camryn.
Derick.|derick.
Maddux.|maddux.
Laniyah.|laniyah.
Nyomi.|nyomi.
Vida.|vida.
Darien.|darien.
Gatlin.|gatlin.
Betty.|betty.
Skylynn.|skylynn.
Ahmir.|ahmir.
Denzel.|denzel.
Gino.|gino.
Jaycob.|jaycob.
Leif.|leif.
Alex.|alex.
Haylie.|haylie.
Karli.|karli.
Rylynn.|rylynn.
Branden.|branden.
Octavio.|octavio.
Roderick.|roderick.
Wesson.|wesson.
Zayd.|zayd.
Isabell.|isabell.
Aida.|aida.
Bellamy.|bellamy.
Bentley.|bentley.
Blessing.|blessing.
Gisselle.|gisselle.
Ivana.|ivana.
Kinleigh.|kinleigh.
Imran.|imran.
Konner.|konner.
Lyle.|lyle.
Tristin.|tristin.
Rachael.|rachael.
Karsen.|karsen.
Ralph.|ralph.
Rylen.|rylen.
Kendyl.|kendyl.
Malak.|malak.
Shirley.|shirley.
Alaric.|alaric.
Decker.|decker.
Demarcus.|demarcus.
Aarya.|aarya.
Irie.|irie.
Maite.|maite.
Roslyn.|roslyn.
Yesenia.|yesenia.
Elvis.|elvis.
Karl.|karl.
Kenton.|kenton.
Asha.|asha.
Harriet.|harriet.
Hayleigh.|hayleigh.
Kacey.|kacey.
Rebeca.|rebeca.
Samiya.|samiya.
Aayden.|aayden.
Gerard.|gerard.
Karim.|karim.
Sidney.|sidney.
Clover.|clover.
Karley.|karley.
Kyrie.|kyrie.
Lilyann.|lilyann.
Reece.|reece.
Roxanne.|roxanne.
Aston.|aston.
Greysen.|greysen.
Annaleigh.|annaleigh.
Carson.|carson.
Kayleen.|kayleen.
Khadija.|khadija.
Linnea.|linnea.
Malka.|malka.
Tamara.|tamara.
Toni.|toni.
Dale.|dale.
Jaxx.|jaxx.
Annette.|annette.
Brinlee.|brinlee.
Guinevere.|guinevere.
Palmer.|palmer.
Rihanna.|rihanna.
Rubi.|rubi.
Saniya.|saniya.
Sarina.|sarina.
Hollis.|hollis.
Isiah.|isiah.
Mac.|mac.
Cailyn.|cailyn.
Colbie.|colbie.
Emalyn.|emalyn.
Evelina.|evelina.
Kaitlin.|kaitlin.
Katarina.|katarina.
Vayda.|vayda.
Aidyn.|aidyn.
Cormac.|cormac.
Kale.|kale.
Jaleah.|jaleah.
Jazmyn.|jazmyn.
Kyndal.|kyndal.
Leilany.|leilany.
Petra.|petra.
Eason.|eason.
Ananya.|ananya.
Araya.|araya.
Audree.|audree.
Brayleigh.|brayleigh.
Celina.|celina.
Flora.|flora.
Mayah.|mayah.
Octavia.|octavia.
Zoya.|zoya.
Dashiell.|dashiell.
Eliot.|eliot.
Jaxxon.|jaxxon.
Jesiah.|jesiah.
Nigel.|nigel.
Rylee.|rylee.
Shepherd.|shepherd.
Arantza.|arantza.
Farah.|farah.
Jakayla.|jakayla.
Kinsey.|kinsey.
Capri.|capri.
Emiliana.|emiliana.
Shanaya.|shanaya.
Shay.|shay.
Sofie.|sofie.
Deegan.|deegan.
Gavyn.|gavyn.
Reynaldo.|reynaldo.
Tyrell.|tyrell.
Arlene.|arlene.
Finnley.|finnley.
Grecia.|grecia.
Jacey.|jacey.
Melinda.|melinda.
Priya.|priya.
Skylah.|skylah.
Zayla.|zayla.
Brendon.|brendon.
Colson.|colson.
Corbyn.|corbyn.
Izayah.|izayah.
Jaylin.|jaylin.
Korbyn.|korbyn.
Calista.|calista.
Isadora.|isadora.
Keila.|keila.
Shaylee.|shaylee.
Brenton.|brenton.
Giovanny.|giovanny.
Joan.|joan.
Menachem.|menachem.
Pierre.|pierre.
Shlomo.|shlomo.
Areli.|areli.
Grayson.|grayson.
Jazelle.|jazelle.
Silvia.|silvia.
Jad.|jad.
Jeremias.|jeremias.
Johnathon.|johnathon.
Sami.|sami.
Carsyn.|carsyn.
Darcy.|darcy.
Elissa.|elissa.
Janie.|janie.
Jazzlyn.|jazzlyn.
Kiersten.|kiersten.
Shreya.|shreya.
Gonzalo.|gonzalo.
Kalvin.|kalvin.
Mordechai.|mordechai.
Vladimir.|vladimir.
Emi.|emi.
Nyah.|nyah.
Pamela.|pamela.
Tesla.|tesla.
Aedan.|aedan.
Andie.|andie.
Dayanna.|dayanna.
Delanie.|delanie.
Kenleigh.|kenleigh.
Jarrett.|jarrett.
Jaylon.|jaylon.
Stephan.|stephan.
Anabel.|anabel.
Carsen.|carsen.
Cristobal.|cristobal.
Glenn.|glenn.
Lathan.|lathan.
Lenny.|lenny.
Maxx.|maxx.
Abbey.|abbey.
Carissa.|carissa.
Elinor.|elinor.
Keziah.|keziah.
Sonya.|sonya.
Zahara.|zahara.
Corban.|corban.
Deklan.|deklan.
Gus.|gus.
Kabir.|kabir.
Kennedy.|kennedy.
Mariano.|mariano.
Alanah.|alanah.
Cheyanne.|cheyanne.
Haddie.|haddie.
Jaylyn.|jaylyn.
Leigha.|leigha.
Maribel.|maribel.
Salem.|salem.
Yuliana.|yuliana.
Davon.|davon.
Jovan.|jovan.
Amaia.|amaia.
Damaris.|damaris.
Litzy.|litzy.
Koa.|koa.
Linus.|linus.
Lucien.|lucien.
Trystan.|trystan.
Azul.|azul.
Gretchen.|gretchen.
Journi.|journi.
Daryl.|daryl.
Ronaldo.|ronaldo.
Aadya.|aadya.
Annabell.|annabell.
Dariana.|dariana.
Donna.|donna.
Emme.|emme.
Ida.|ida.
Judy.|judy.
Layan.|layan.
Hakeem.|hakeem.
Syed.|syed.
Tiago.|tiago.
Aislynn.|aislynn.
Darlene.|darlene.
Hailie.|hailie.
Jaclyn.|jaclyn.
Kya.|kya.
Lucie.|lucie.
Nailah.|nailah.
Nayla.|nayla.
Shyla.|shyla.
Aditya.|aditya.
Broderick.|broderick.
Jayse.|jayse.
Shimon.|shimon.
Zev.|zev.
Alba.|alba.
Ariela.|ariela.
Dior.|dior.
Lincoln.|lincoln.
Oaklee.|oaklee.
Tallulah.|tallulah.
Amar.|amar.
Ansel.|ansel.
Dhruv.|dhruv.
Ismail.|ismail.
Jakobe.|jakobe.
Jordi.|jordi.
Keller.|keller.
Ledger.|ledger.
Maksim.|maksim.
Ross.|ross.
Dina.|dina.
Jamiyah.|jamiyah.
Kamari.|kamari.
Rayleigh.|rayleigh.
Rowyn.|rowyn.
Tina.|tina.
Winifred.|winifred.
Karsyn.|karsyn.
Kent.|kent.
Thorin.|thorin.
Eleanora.|eleanora.
Ema.|ema.
Evangelina.|evangelina.
Marin.|marin.
Adolfo.|adolfo.
Brogan.|brogan.
Marcello.|marcello.
Mikael.|mikael.
Ashanti.|ashanti.
Emmerson.|emmerson.
Leticia.|leticia.
Lidia.|lidia.
Nariah.|nariah.
Raleigh.|raleigh.
Sanai.|sanai.
Tania.|tania.
Donte.|donte.
Jean.|jean.
Jorden.|jorden.
Kaidyn.|kaidyn.
Kyren.|kyren.
Smith.|smith.
Aaleyah.|aaleyah.
Analise.|analise.
Aniston.|aniston.
Janet.|janet.
Kenlee.|kenlee.
Kynleigh.|kynleigh.
Maura.|maura.
Naima.|naima.
Adler.|adler.
Guy.|guy.
Lyndon.|lyndon.
Zahir.|zahir.
Bernadette.|bernadette.
Kynslee.|kynslee.
Addison.|addison.
Cornelius.|cornelius.
Milton.|milton.
Nick.|nick.
Nikko.|nikko.
Raheem.|raheem.
Austin.|austin.
Ayesha.|ayesha.
Beverly.|beverly.
Blythe.|blythe.
Kenzi.|kenzi.
Mireya.|mireya.
Benedict.|benedict.
Bilal.|bilal.
Kyron.|kyron.
Adalie.|adalie.
Avalon.|avalon.
Jael.|jael.
Lakyn.|lakyn.
Suri.|suri.
Carmine.|carmine.
Kyan.|kyan.
Viaan.|viaan.
Abbygail.|abbygail.
Harlie.|harlie.
Kalea.|kalea.
Pepper.|pepper.
Bernard.|bernard.
Darnell.|darnell.
Fredrick.|fredrick.
Jionni.|jionni.
Ayah.|ayah.
Denisse.|denisse.
Queen.|queen.
Vivianne.|vivianne.
Mikel.|mikel.
Murphy.|murphy.
Aarna.|aarna.
Emeri.|emeri.
Aubrey.|aubrey.
Beck.|beck.
Brighton.|brighton.
Ishmael.|ishmael.
Jet.|jet.
Zyon.|zyon.
Anita.|anita.
Carli.|carli.
Elana.|elana.
Gwenyth.|gwenyth.
Jaylen.|jaylen.
Kamiya.|kamiya.
Lela.|lela.
Alton.|alton.
Emir.|emir.
Josias.|josias.
Norman.|norman.
Amyra.|amyra.
Anjali.|anjali.
Bridgette.|bridgette.
Charlene.|charlene.
Eunice.|eunice.
Indie.|indie.
Jersey.|jersey.
Rosalind.|rosalind.
Archie.|archie.
Armaan.|armaan.
Cael.|cael.
Clifford.|clifford.
Humberto.|humberto.
Jai.|jai.
Kallen.|kallen.
Marcellus.|marcellus.
Masen.|masen.
Maiya.|maiya.
Malina.|malina.
Kruz.|kruz.
Meir.|meir.
Tayden.|tayden.
Arianny.|arianny.
Ayvah.|ayvah.
Kamilla.|kamilla.
Korra.|korra.
Aamir.|aamir.
Aayan.|aayan.
Andreas.|andreas.
Cal.|cal.
Carlo.|carlo.
Salman.|salman.
Iyanna.|iyanna.
Katy.|katy.
Destin.|destin.
Elam.|elam.
Mikhail.|mikhail.
Wes.|wes.
Jailyn.|jailyn.
Kamora.|kamora.
Keilani.|keilani.
Prisha.|prisha.
Rosalina.|rosalina.
Taliah.|taliah.
Brennen.|brennen.
Carver.|carver.
Gray.|gray.
Monroe.|monroe.
Nikola.|nikola.
Aila.|aila.
Alanis.|alanis.
Kacie.|kacie.
Kaila.|kaila.
Lucinda.|lucinda.
Mariela.|mariela.
Shyanne.|shyanne.
Ziva.|ziva.
Cale.|cale.
Diesel.|diesel.
Eamon.|eamon.
Kaiser.|kaiser.
Amilia.|amilia.
Gisele.|gisele.
Jaqueline.|jaqueline.
Peighton.|peighton.
Symphony.|symphony.
Zaira.|zaira.
Barry.|barry.
Perry.|perry.
Quinten.|quinten.
Salem.|salem.
Cosette.|cosette.
Freyja.|freyja.
Kaci.|kaci.
Kierra.|kierra.
Lacie.|lacie.
Lizeth.|lizeth.
Rosalia.|rosalia.
Caius.|caius.
Ewan.|ewan.
Haven.|haven.
Idris.|idris.
Ruger.|ruger.
Camden.|camden.
Claira.|claira.
Kinsleigh.|kinsleigh.
Noah.|noah.
Presleigh.|presleigh.
Abdulrahman.|abdulrahman.
Coy.|coy.
Daylen.|daylen.
Graeme.|graeme.
Johann.|johann.
Palmer.|palmer.
Sheldon.|sheldon.
Tahj.|tahj.
Torin.|torin.
Cambree.|cambree.
Harmonie.|harmonie.
Hillary.|hillary.
Zora.|zora.
Campbell.|campbell.
Lev.|lev.
Lucius.|lucius.
Jiselle.|jiselle.
Jude.|jude.
Makiyah.|makiyah.
Noelia.|noelia.
Taelyn.|taelyn.
Ammar.|ammar.
Hussein.|hussein.
Johnpaul.|johnpaul.
Keon.|keon.
Maddix.|maddix.
Tzvi.|tzvi.
Avani.|avani.
Dominique.|dominique.
Eleni.|eleni.
Emry.|emry.
Heidy.|heidy.
Nori.|nori.
Rosalynn.|rosalynn.
Serafina.|serafina.
Zaniya.|zaniya.
Bear.|bear.
Gaige.|gaige.
Jakari.|jakari.
Pierson.|pierson.
Rishi.|rishi.
Zaylen.|zaylen.
Adina.|adina.
Akshara.|akshara.
Chevelle.|chevelle.
Karoline.|karoline.
Laken.|laken.
Lillyann.|lillyann.
Lori.|lori.
Nikki.|nikki.
Rosemarie.|rosemarie.
Ryder.|ryder.
Zaynab.|zaynab.
Alek.|alek.
Atreyu.|atreyu.
Avraham.|avraham.
Jacobi.|jacobi.
Jarvis.|jarvis.
Jenson.|jenson.
Link.|link.
Wiley.|wiley.
Annamarie.|annamarie.
Aspyn.|aspyn.
Dalila.|dalila.
Everley.|everley.
Hartley.|hartley.
Ruthie.|ruthie.
Wilhelmina.|wilhelmina.
Baron.|baron.
Benicio.|benicio.
Boaz.|boaz.
Forest.|forest.
Jaceon.|jaceon.
Jahmir.|jahmir.
Keelan.|keelan.
Kilian.|kilian.
Leeland.|leeland.
Malakhi.|malakhi.
Pranav.|pranav.
Rowdy.|rowdy.
Adalina.|adalina.
Arabelle.|arabelle.
Cattleya.|cattleya.
Jackeline.|jackeline.
Jaslyn.|jaslyn.
Jaya.|jaya.
Kayley.|kayley.
Rowen.|rowen.
Tahlia.|tahlia.
Bernardo.|bernardo.
Cashton.|cashton.
Francesco.|francesco.
Alessa.|alessa.
Annistyn.|annistyn.
Brigitte.|brigitte.
Desirae.|desirae.
Lenora.|lenora.
Martina.|martina.
Saphira.|saphira.
Sia.|sia.
Zadie.|zadie.
Adyson.|adyson.
Althea.|althea.
Ariane.|ariane.
Ariyana.|ariyana.
Avril.|avril.
Inara.|inara.
Moira.|moira.
Oona.|oona.
Shania.|shania.
Adiel.|adiel.
Cordell.|cordell.
Dereck.|dereck.
Kael.|kael.
Ramsey.|ramsey.
Abrianna.|abrianna.
Ariadna.|ariadna.
Avarie.|avarie.
Georgina.|georgina.
Geraldine.|geraldine.
Keegan.|keegan.
Laci.|laci.
Maliya.|maliya.
Marceline.|marceline.
May.|may.
Sana.|sana.
Zia.|zia.
Earl.|earl.
Eliyahu.|eliyahu.
Jael.|jael.
Marshawn.|marshawn.
Oren.|oren.
Presley.|presley.
Tevin.|tevin.
Zakaria.|zakaria.
Amariah.|amariah.
Amyah.|amyah.
Arlette.|arlette.
Halo.|halo.
Journie.|journie.
Letty.|letty.
Melia.|melia.
Raeleigh.|raeleigh.
Renesmee.|renesmee.
Roxana.|roxana.
Shae.|shae.
Zola.|zola.
Aksel.|aksel.
Creed.|creed.
Devonte.|devonte.
Eleazar.|eleazar.
Jakai.|jakai.
Nova.|nova.
Tobin.|tobin.
Aubreigh.|aubreigh.
Izabel.|izabel.
Julietta.|julietta.
Kathy.|kathy.
Nicolette.|nicolette.
Zuleyka.|zuleyka.
Elvin.|elvin.
Emil.|emil.
Izaac.|izaac.
Jaxsen.|jaxsen.
Kanon.|kanon.
Laith.|laith.
Massimo.|massimo.
Niam.|niam.
Sebastien.|sebastien.
Zephyr.|zephyr.
Adaleigh.|adaleigh.
Carrie.|carrie.
Daria.|daria.
Darla.|darla.
Isha.|isha.
Kaylah.|kaylah.
Liza.|liza.
Montana.|montana.
Skylee.|skylee.
Aaryan.|aaryan.
Antony.|antony.
Gionni.|gionni.
Hasan.|hasan.
Jaydan.|jaydan.
Kaine.|kaine.
Kiyan.|kiyan.
Sammy.|sammy.
Alyse.|alyse.
Amethyst.|amethyst.
Anaiah.|anaiah.
Betsy.|betsy.
Camdyn.|camdyn.
Deja.|deja.
Khalia.|khalia.
Krista.|krista.
Margarita.|margarita.
Salome.|salome.
Sheila.|sheila.
Stormy.|stormy.
Susana.|susana.
Axle.|axle.
Coby.|coby.
Demari.|demari.
Hoyt.|hoyt.
Kain.|kain.
Kiran.|kiran.
Anyla.|anyla.
Cambrie.|cambrie.
Caysen.|caysen.
Jaeden.|jaeden.
Jeremih.|jeremih.
Nikhil.|nikhil.
Westyn.|westyn.
Alyanna.|alyanna.
Elliette.|elliette.
Emoni.|emoni.
Eryn.|eryn.
Jamya.|jamya.
Jordin.|jordin.
Karolina.|karolina.
Kenzlee.|kenzlee.
Rilee.|rilee.
Savanah.|savanah.
Abdul.|abdul.
Azael.|azael.
Bradyn.|bradyn.
Kenji.|kenji.
Ollie.|ollie.
Zaden.|zaden.
Alyna.|alyna.
Baila.|baila.
Chelsey.|chelsey.
Chyna.|chyna.
Honor.|honor.
Kaisley.|kaisley.
Keren.|keren.
Lorraine.|lorraine.
Rhylee.|rhylee.
Rileigh.|rileigh.
Shayna.|shayna.
Taylin.|taylin.
Benaiah.|benaiah.
Devan.|devan.
Eliel.|eliel.
Isaak.|isaak.
Josh.|josh.
Kurt.|kurt.
Watson.|watson.
Cayla.|cayla.
Elisha.|elisha.
Jamiya.|jamiya.
Karmyn.|karmyn.
Kirsten.|kirsten.
Niya.|niya.
Sahana.|sahana.
Sahara.|sahara.
Tayla.|tayla.
Zinnia.|zinnia.
Bryer.|bryer.
Dovid.|dovid.
Kayleb.|kayleb.
Mikah.|mikah.
Reign.|reign.
Rico.|rico.
Shamar.|shamar.
Indigo.|indigo.
Josslyn.|josslyn.
Liah.|liah.
Melani.|melani.
Reem.|reem.
Santana.|santana.
Siya.|siya.
Teegan.|teegan.
Austen.|austen.
Jamel.|jamel.
Lamont.|lamont.
Lonnie.|lonnie.
Rome.|rome.
Ariyanna.|ariyanna.
Brylie.|brylie.
Cleo.|cleo.
Emmarie.|emmarie.
Gitty.|gitty.
Janiah.|janiah.
Kloe.|kloe.
Melodie.|melodie.
Rhiannon.|rhiannon.
Samia.|samia.
Taniyah.|taniyah.
Ajay.|ajay.
Braxtyn.|braxtyn.
Chaz.|chaz.
Dillan.|dillan.
Donnie.|donnie.
Eddy.|eddy.
Kelton.|kelton.
Onyx.|onyx.
Amal.|amal.
Aviva.|aviva.
Carol.|carol.
Georgiana.|georgiana.
Jianna.|jianna.
Joslynn.|joslynn.
Kingsley.|kingsley.
Margaux.|margaux.
Mazie.|mazie.
Payten.|payten.
Raniyah.|raniyah.
Samaya.|samaya.
Zarah.|zarah.
Abdirahman.|abdirahman.
Faris.|faris.
Kolt.|kolt.
Leyton.|leyton.
Pharaoh.|pharaoh.
Zephaniah.|zephaniah.
Aiza.|aiza.
Aleyda.|aleyda.
Arleth.|arleth.
Blanca.|blanca.
Brookelynn.|brookelynn.
Cielo.|cielo.
Jalayah.|jalayah.
Justyce.|justyce.
Kayli.|kayli.
Kenzley.|kenzley.
Leanne.|leanne.
Makenzi.|makenzi.
Mileena.|mileena.
Navy.|navy.
Nechama.|nechama.
Nila.|nila.
Benny.|benny.
Lazarus.|lazarus.
Noam.|noam.
Syncere.|syncere.
Zakariya.|zakariya.
Zeus.|zeus.
Anisa.|anisa.
Arwen.|arwen.
Dianna.|dianna.
Edie.|edie.
Hensley.|hensley.
Ivey.|ivey.
Kinzlee.|kinzlee.
Laniya.|laniya.
Magdalene.|magdalene.
Marielle.|marielle.
Maryann.|maryann.
Tala.|tala.
Taytum.|taytum.
Hiram.|hiram.
Jacen.|jacen.
Jessiah.|jessiah.
Shepard.|shepard.
Yeshua.|yeshua.
Abigale.|abigale.
Cori.|cori.
Hudson.|hudson.
Jaylani.|jaylani.
Jessalyn.|jessalyn.
Kari.|kari.
Lucero.|lucero.
Oakleigh.|oakleigh.
Paizley.|paizley.
Rori.|rori.
Akeem.|akeem.
Brandt.|brandt.
Canyon.|canyon.
Cecil.|cecil.
Dakari.|dakari.
Don.|don.
Ishan.|ishan.
Loki.|loki.
Ashleigh.|ashleigh.
Brea.|brea.
Colleen.|colleen.
Graciela.|graciela.
Klara.|klara.
Arham.|arham.
Duane.|duane.
Kadyn.|kadyn.
Aleksandra.|aleksandra.
Aleyna.|aleyna.
Asiya.|asiya.
Carmela.|carmela.
Echo.|echo.
Iyla.|iyla.
Jaina.|jaina.
Kalina.|kalina.
Laiyah.|laiyah.
Mariel.|mariel.
Nichole.|nichole.
Sanaya.|sanaya.
Shoshana.|shoshana.
Tiara.|tiara.
Viktoria.|viktoria.
Antwan.|antwan.
Dashawn.|dashawn.
Geovanni.|geovanni.
Giuseppe.|giuseppe.
Jethro.|jethro.
Krew.|krew.
Tegan.|tegan.
Truett.|truett.
Abygail.|abygail.
Adalia.|adalia.
Aislyn.|aislyn.
Navya.|navya.
Soleil.|soleil.
Vaida.|vaida.
Alexandre.|alexandre.
Ansh.|ansh.
Courtney.|courtney.
Everest.|everest.
Irvin.|irvin.
Khai.|khai.
Marek.|marek.
Veer.|veer.
Armoni.|armoni.
Brittney.|brittney.
Candice.|candice.
Cooper.|cooper.
Darby.|darby.
Emalee.|emalee.
Kianna.|kianna.
Maelynn.|maelynn.
Novah.|novah.
Tanvi.|tanvi.
Zaina.|zaina.
Amauri.|amauri.
Bronx.|bronx.
Clifton.|clifton.
Denis.|denis.
Grayden.|grayden.
Isa.|isa.
Jamil.|jamil.
Judd.|judd.
Keyon.|keyon.
Korben.|korben.
Rishaan.|rishaan.
Chiara.|chiara.
Cierra.|cierra.
Devin.|devin.
Finleigh.|finleigh.
Jadyn.|jadyn.
Journei.|journei.
Katia.|katia.
Khloee.|khloee.
Kristin.|kristin.
Laylani.|laylani.
Violetta.|violetta.
Bailey.|bailey.
Cedar.|cedar.
Ely.|ely.
Jahlil.|jahlil.
Koby.|koby.
Markel.|markel.
Oskar.|oskar.
Rigoberto.|rigoberto.
Tiberius.|tiberius.
Wolfgang.|wolfgang.
Adleigh.|adleigh.
Annalisa.|annalisa.
Berkeley.|berkeley.
Brandi.|brandi.
Jaslynn.|jaslynn.
Kamdyn.|kamdyn.
Layna.|layna.
Lois.|lois.
Love.|love.
Chayce.|chayce.
Deven.|deven.
Levon.|levon.
Lloyd.|lloyd.
Abigayle.|abigayle.
Adalynne.|adalynne.
Braylynn.|braylynn.
Faigy.|faigy.
Fatimah.|fatimah.
Jaiden.|jaiden.
Khadijah.|khadijah.
Loren.|loren.
Mona.|mona.
Niyah.|niyah.
Reya.|reya.
Taelynn.|taelynn.
Carsyn.|carsyn.
Devyn.|devyn.
Dov.|dov.
Drayden.|drayden.
Floyd.|floyd.
Fynn.|fynn.
Jaron.|jaron.
Kaius.|kaius.
Kyran.|kyran.
Laken.|laken.
Monte.|monte.
Stephon.|stephon.
Aleeah.|aleeah.
Aleyah.|aleyah.
Emberlyn.|emberlyn.
Emelyn.|emelyn.
Hollis.|hollis.
Italia.|italia.
Johana.|johana.
Kaliah.|kaliah.
Lynlee.|lynlee.
Marisa.|marisa.
Zayda.|zayda.
Britton.|britton.
Estevan.|estevan.
Johnnie.|johnnie.
Jones.|jones.
Khari.|khari.
Kyrin.|kyrin.
Matheo.|matheo.
Olin.|olin.
Annmarie.|annmarie.
Arayah.|arayah.
Aryah.|aryah.
Beatriz.|beatriz.
Emberlynn.|emberlynn.
Jacelyn.|jacelyn.
Jamila.|jamila.
Juana.|juana.
Mariajose.|mariajose.
Maycee.|maycee.
Sandy.|sandy.
Arman.|arman.
Damoni.|damoni.
Dev.|dev.
Nazir.|nazir.
Aditi.|aditi.
Artemis.|artemis.
Ashlee.|ashlee.
Bennett.|bennett.
Coralie.|coralie.
Elyssa.|elyssa.
Jolee.|jolee.
Maelyn.|maelyn.
Rocio.|rocio.
Roselynn.|roselynn.
Safa.|safa.
Shaniya.|shaniya.
Sumaya.|sumaya.
Tanya.|tanya.
Domenic.|domenic.
Fischer.|fischer.
Henley.|henley.
Maxon.|maxon.
Morris.|morris.
Raylen.|raylen.
Saif.|saif.
Stryker.|stryker.
Zaine.|zaine.
Abagail.|abagail.
Annalynn.|annalynn.
Arie.|arie.
Avia.|avia.
Daleysa.|daleysa.
Deasia.|deasia.
Iman.|iman.
Jacie.|jacie.
Keeley.|keeley.
Korie.|korie.
Kyah.|kyah.
Lettie.|lettie.
Marcela.|marcela.
Maylin.|maylin.
Memphis.|memphis.
Myka.|myka.
Talya.|talya.
Valencia.|valencia.
Vicky.|vicky.
Arnav.|arnav.
Austyn.|austyn.
Azriel.|azriel.
Braxten.|braxten.
Damir.|damir.
Dwight.|dwight.
Jasiel.|jasiel.
Rio.|rio.
Acacia.|acacia.
Brighton.|brighton.
Hafsa.|hafsa.
Kennadi.|kennadi.
Laina.|laina.
Mackenna.|mackenna.
Makinley.|makinley.
Marli.|marli.
Oriana.|oriana.
Raelee.|raelee.
Rhyan.|rhyan.
Rochel.|rochel.
Dewayne.|dewayne.
Kylar.|kylar.
Mattias.|mattias.
Mickey.|mickey.
Montgomery.|montgomery.
Ransom.|ransom.
Shaurya.|shaurya.
Trevon.|trevon.
Vernon.|vernon.
Wilmer.|wilmer.
Zakai.|zakai.
Dora.|dora.
Gina.|gina.
Jaycie.|jaycie.
Justine.|justine.
Kalli.|kalli.
Kiyah.|kiyah.
Laikyn.|laikyn.
Lanie.|lanie.
Lluvia.|lluvia.
Monique.|monique.
Paizlee.|paizlee.
Rania.|rania.
Stacey.|stacey.
Yana.|yana.
Gareth.|gareth.
Henri.|henri.
Kace.|kace.
Kasey.|kasey.
Kelly.|kelly.
Klayton.|klayton.
Myron.|myron.
Zaidyn.|zaidyn.
Analeah.|analeah.
Cristal.|cristal.
Fabiola.|fabiola.
Irelynn.|irelynn.
Iyana.|iyana.
Marianne.|marianne.
Alexavier.|alexavier.
Ambrose.|ambrose.
Amias.|amias.
Anas.|anas.
Aryeh.|aryeh.
Brigham.|brigham.
Fred.|fred.
Irving.|irving.
Jakobi.|jakobi.
Jaquan.|jaquan.
Kyng.|kyng.
Kyzer.|kyzer.
Lester.|lester.
Marko.|marko.
Mauro.|mauro.
Niklaus.|niklaus.
Osiris.|osiris.
Steele.|steele.
Beckett.|beckett.
Italy.|italy.
Joan.|joan.
Josselyn.|josselyn.
Lakelyn.|lakelyn.
Leen.|leen.
Lula.|lula.
Lux.|lux.
Makaylah.|makaylah.
Malena.|malena.
Mariya.|mariya.
Merida.|merida.
Mirabelle.|mirabelle.
Trisha.|trisha.
Braulio.|braulio.
Efren.|efren.
Eithan.|eithan.
Gianluca.|gianluca.
Luther.|luther.
Osman.|osman.
Aminata.|aminata.
Anylah.|anylah.
Aoife.|aoife.
Aveline.|aveline.
Ela.|ela.
Iva.|iva.
Kerrigan.|kerrigan.
Laya.|laya.
Raizy.|raizy.
Veronika.|veronika.
Ash.|ash.
Beaux.|beaux.
Bjorn.|bjorn.
Denim.|denim.
Jaidyn.|jaidyn.
Jaleel.|jaleel.
Jariel.|jariel.
Jayvon.|jayvon.
Jordon.|jordon.
Jovanny.|jovanny.
Korey.|korey.
Mahdi.|mahdi.
Roan.|roan.
Ryatt.|ryatt.
Theron.|theron.
Zamari.|zamari.
Alonna.|alonna.
Ansleigh.|ansleigh.
Avigail.|avigail.
Evan.|evan.
Ira.|ira.
Kavya.|kavya.
Lane.|lane.
Ripley.|ripley.
Abdulaziz.|abdulaziz.
Azaiah.|azaiah.
Bryden.|bryden.
Jaysen.|jaysen.
Kaisen.|kaisen.
Ryden.|ryden.
Aeris.|aeris.
Afton.|afton.
Arionna.|arionna.
Brystol.|brystol.
Caelyn.|caelyn.
Elli.|elli.
Emmaleigh.|emmaleigh.
Estela.|estela.
Inaya.|inaya.
Irina.|irina.
Jeanette.|jeanette.
Khali.|khali.
Liyah.|liyah.
Lynette.|lynette.
Marwa.|marwa.
Naila.|naila.
Aurelio.|aurelio.
Dontae.|dontae.
Ezrah.|ezrah.
Fidel.|fidel.
Heriberto.|heriberto.
Hyrum.|hyrum.
Shea.|shea.
Zyler.|zyler.
Allisson.|allisson.
Alyana.|alyana.
Billie.|billie.
Caliyah.|caliyah.
Dasha.|dasha.
Harleen.|harleen.
Jaidyn.|jaidyn.
Jiya.|jiya.
Joanne.|joanne.
Joey.|joey.
Lailani.|lailani.
Lesley.|lesley.
Maddilyn.|maddilyn.
Paulette.|paulette.
Roxanna.|roxanna.
Sabine.|sabine.
Sydnee.|sydnee.
Zarina.|zarina.
Zyla.|zyla.
Arnold.|arnold.
Kacen.|kacen.
Micaiah.|micaiah.
Neel.|neel.
Patricio.|patricio.
Amerie.|amerie.
Aura.|aura.
Chava.|chava.
Jaci.|jaci.
Josefina.|josefina.
Juanita.|juanita.
Kyler.|kyler.
Naia.|naia.
Rachelle.|rachelle.
Rae.|rae.
Rylin.|rylin.
Sabina.|sabina.
Aiyden.|aiyden.
Andrey.|andrey.
Arrow.|arrow.
Cam.|cam.
Carlton.|carlton.
Donavan.|donavan.
Eliam.|eliam.
Ervin.|ervin.
Fredy.|fredy.
Kenan.|kenan.
Lyam.|lyam.
Riker.|riker.
Tariq.|tariq.
Vito.|vito.
Analee.|analee.
Audrie.|audrie.
Citlali.|citlali.
Dafne.|dafne.
Devorah.|devorah.
Gracen.|gracen.
Hayven.|hayven.
Jackie.|jackie.
Jacklyn.|jacklyn.
Kelis.|kelis.
Nikita.|nikita.
Susie.|susie.
Taylee.|taylee.
Terra.|terra.
Advik.|advik.
Daxon.|daxon.
Eitan.|eitan.
Ethen.|ethen.
Glen.|glen.
Ike.|ike.
Jan. Jaxyn.|jan. jaxyn.
Jerimiah.|jerimiah.
Jhett.|jhett.
Kenyon.|kenyon.
Ryley.|ryley.
Amaria.|amaria.
Asma.|asma.
Brissa.|brissa.
Diane.|diane.
Evelin.|evelin.
Malky.|malky.
Olyvia.|olyvia.
Pippa.|pippa.
Samaria.|samaria.
Alexandro.|alexandro.
Arden.|arden.
Bane.|bane.
Ellison.|ellison.
Izan.|izan.
Jakub.|jakub.
Kirk.|kirk.
Leopold.|leopold.
Muhammed.|muhammed.
Nate.|nate.
Nikita.|nikita.
Amarah.|amarah.
Aniah.|aniah.
Brynnlee.|brynnlee.
Elyana.|elyana.
Isobel.|isobel.
Janyla.|janyla.
Kaira.|kaira.
Kynzlee.|kynzlee.
Majesty.|majesty.
Mason.|mason.
Sanvi.|sanvi.
Atharv.|atharv.
Caesar.|caesar.
Constantine.|constantine.
Davi.|davi.
Josef.|josef.
Kainoa.|kainoa.
Linkin.|linkin.
Obadiah.|obadiah.
Teddy.|teddy.
Adah.|adah.
Anayeli.|anayeli.
Avonlea.|avonlea.
Eiza.|eiza.
Gaia.|gaia.
Jannah.|jannah.
Jannat.|jannat.
Maddox.|maddox.
Maelee.|maelee.
Rosalinda.|rosalinda.
Sybil.|sybil.
Hansel.|hansel.
Herman.|herman.
Huck.|huck.
Izaak.|izaak.
Lucio.|lucio.
Remi.|remi.
Rockwell.|rockwell.
Shaan.|shaan.
Adalind.|adalind.
Alli.|alli.
Amarie.|amarie.
Aubry.|aubry.
Avamarie.|avamarie.
Destini.|destini.
Emrie.|emrie.
Harlem.|harlem.
Janeth.|janeth.
Jenelle.|jenelle.
Katharine.|katharine.
Layne.|layne.
Liya.|liya.
Mayte.|mayte.
Raine.|raine.
Zaya.|zaya.
Aaiden.|aaiden.
Arya.|arya.
Auden.|auden.
Dan.|dan.
Dyland.|dyland.
Jackie.|jackie.
Jencarlos.|jencarlos.
Jiovanni.|jiovanni.
Macklin.|macklin.
Shayne.|shayne.
Triton.|triton.
Aarohi.|aarohi.
Arizona.|arizona.
Baileigh.|baileigh.
Bracha.|bracha.
Greer.|greer.
Josephina.|josephina.
Kodi.|kodi.
Lilyan.|lilyan.
Melania.|melania.
Nyasia.|nyasia.
Selma.|selma.
Zariya.|zariya.
Aayush.|aayush.
Angus.|angus.
Athan.|athan.
Gabe.|gabe.
Jelani.|jelani.
Kenzo.|kenzo.
Nolen.|nolen.
Obed.|obed.
Teo.|teo.
Wells.|wells.
Ameena.|ameena.
Amor.|amor.
Annaleah.|annaleah.
Ellia.|ellia.
Jalaya.|jalaya.
Jennah.|jennah.
Katheryn.|katheryn.
Kiya.|kiya.
Maizy.|maizy.
Maryn.|maryn.
Murphy.|murphy.
Perry.|perry.
Sheyla.|sheyla.
Sol.|sol.
Teigan.|teigan.
Zyana.|zyana.
Aspen.|aspen.
Benito.|benito.
Brad.|brad.
Brentlee.|brentlee.
Charleston.|charleston.
Coleson.|coleson.
Deshaun.|deshaun.
Graydon.|graydon.
Job.|job.
Kamarion.|kamarion.
Ken.|ken.
Kiaan.|kiaan.
Kyden.|kyden.
Lazaro.|lazaro.
Rickey.|rickey.
Shalom.|shalom.
Viraj.|viraj.
Avalee.|avalee.
Avary.|avary.
Avaya.|avaya.
Brooklynne.|brooklynne.
Danae.|danae.
Eliora.|eliora.
Haidyn.|haidyn.
Hawa.|hawa.
Inaaya.|inaaya.
Joann.|joann.
Joi.|joi.
Juno.|juno.
Kimberlyn.|kimberlyn.
Leora.|leora.
Lupita.|lupita.
Makaila.|makaila.
Mari.|mari.
Mildred.|mildred.
Odette.|odette.
Triniti.|triniti.
Adnan.|adnan.
Avrohom.|avrohom.
Canon.|canon.
Casper.|casper.
Hussain.|hussain.
Jeramiah.|jeramiah.
Lenox.|lenox.
Linden.|linden.
Markell.|markell.
Nehemias.|nehemias.
Om.|om.
Rogan.|rogan.
Tyce.|tyce.
Ved.|ved.
Agatha.|agatha.
Alaiyah.|alaiyah.
Alexus.|alexus.
Analeigh.|analeigh.
Charis.|charis.
Doris.|doris.
Ellington.|ellington.
Fern.|fern.
Gizelle.|gizelle.
Kamiah.|kamiah.
Krisha.|krisha.
Laine.|laine.
Manha.|manha.
Saydee.|saydee.
Sonja.|sonja.
Taniya.|taniya.
Vianney.|vianney.
Chancellor.|chancellor.
Ilyas.|ilyas.
Jamarcus.|jamarcus.
Khristian.|khristian.
Khyree.|khyree.
Mathis.|mathis.
Miguelangel.|miguelangel.
Adelle.|adelle.
Aja.|aja.
Anissa.|anissa.
Annemarie.|annemarie.
Aylah.|aylah.
Danni.|danni.
Eila.|eila.
Fallyn.|fallyn.
Jhene.|jhene.
Kalynn.|kalynn.
Kaniyah.|kaniyah.
Lillith.|lillith.
Mylee.|mylee.
Neva.|neva.
Ria.|ria.
Ryley.|ryley.
Baker.|baker.
Chayse.|chayse.
Dandre.|dandre.
Demarco.|demarco.
Demetri.|demetri.
Hamilton.|hamilton.
Mylo.|mylo.
Paris.|paris.
Stuart.|stuart.
Adelia.|adelia.
Alayla.|alayla.
Batsheva.|batsheva.
Breelyn.|breelyn.
Calli.|calli.
Coco.|coco.
Emalynn.|emalynn.
Giulia.|giulia.
Gladys.|gladys.
Hollie.|hollie.
Jailynn.|jailynn.
Jalynn.|jalynn.
Jazzlynn.|jazzlynn.
Jia.|jia.
Kalena.|kalena.
Kambree.|kambree.
Linley.|linley.
Loralei.|loralei.
Marlow.|marlow.
Mckinlee.|mckinlee.
Ramsey.|ramsey.
Rebel.|rebel.
Shaniyah.|shaniyah.
Sinai.|sinai.
Timber.|timber.
Aharon.|aharon.
Braedyn.|braedyn.
Bryar.|bryar.
Callahan.|callahan.
Carsten.|carsten.
Charley.|charley.
Colston.|colston.
Daylan.|daylan.
Freddie.|freddie.
Jairus.|jairus.
Keshawn.|keshawn.
Rashawn.|rashawn.
Raymundo.|raymundo.
Alijah.|alijah.
Alyza.|alyza.
Anisha.|anisha.
Braylin.|braylin.
Carys.|carys.
Christy.|christy.
Connie.|connie.
Daenerys.|daenerys.
Delylah.|delylah.
Ilana.|ilana.
Izel.|izel.
Janna.|janna.
Jasleen.|jasleen.
Jazmyne.|jazmyne.
Kamya.|kamya.
Keiry.|keiry.
Kenzleigh.|kenzleigh.
Kinzie.|kinzie.
Leylani.|leylani.
Lynn.|lynn.
Zayna.|zayna.
Abdullahi.|abdullahi.
Clive.|clive.
Orrin.|orrin.
Rafe.|rafe.
Said.|said.
Tytus.|tytus.
Aaradhya.|aaradhya.
Ameerah.|ameerah.
Arianne.|arianne.
Avelyn.|avelyn.
Cienna.|cienna.
Emmi.|emmi.
Jasmyn.|jasmyn.
Kaydance.|kaydance.
Kaydee.|kaydee.
Larkin.|larkin.
Leann.|leann.
Lexington.|lexington.
Alister.|alister.
Amin.|amin.
Brant.|brant.
Cai.|cai.
Ezio.|ezio.
Jaedyn.|jaedyn.
Jaxston.|jaxston.
Kory.|kory.
Massiah.|massiah.
Shannon.|shannon.
Sky.|sky.
Treyson.|treyson.
Addelynn.|addelynn.
Anasofia.|anasofia.
Ania.|ania.
Anistyn.|anistyn.
Annalia.|annalia.
Anvi.|anvi.
Calleigh.|calleigh.
Emarie.|emarie.
Hellen.|hellen.
Jaden.|jaden.
Jayne.|jayne.
Lillyan.|lillyan.
Lotus.|lotus.
Merritt.|merritt.
Roxy.|roxy.
Sariya.|sariya.
Sevyn.|sevyn.
Taylynn.|taylynn.
Theodora.|theodora.
Zaida.|zaida.
Boyd.|boyd.
Deonte.|deonte.
Jaydin.|jaydin.
Kairo.|kairo.
Keoni.|keoni.
Kipton.|kipton.
Morrison.|morrison.
Neo.|neo.
Ocean.|ocean.
Rick.|rick.
Teegan.|teegan.
Tristyn.|tristyn.
Alyce.|alyce.
Brigid.|brigid.
Bryce.|bryce.
Debora.|debora.
Goldie.|goldie.
Kaylene.|kaylene.
Mallorie.|mallorie.
Marguerite.|marguerite.
Mayla.|mayla.
Susannah.|susannah.
Toby.|toby.
Tristan.|tristan.
Abe.|abe.
Adin.|adin.
Aizen.|aizen.
Brayton.|brayton.
Desean.|desean.
Jahir.|jahir.
Jakhi.|jakhi.
Kysen.|kysen.
Luc.|luc.
Marlin.|marlin.
Masyn.|masyn.
Raylon.|raylon.
Ainslee.|ainslee.
Allegra.|allegra.
Ani.|ani.
Antoinette.|antoinette.
Avni.|avni.
Britton.|britton.
Corina.|corina.
Divine.|divine.
Joana.|joana.
Kelsi.|kelsi.
Linden.|linden.
Lottie.|lottie.
Lucianna.|lucianna.
Mindy.|mindy.
Priscila.|priscila.
Raylin.|raylin.
Ruhi.|ruhi.
Samaira.|samaira.
Shaelyn.|shaelyn.
Shaina.|shaina.
Skarlett.|skarlett.
Swara.|swara.
Zooey.|zooey.
Aahil.|aahil.
Amani.|amani.
Anay.|anay.
Arvin.|arvin.
Blayne.|blayne.
Braelyn.|braelyn.
Bryton.|bryton.
Darrius.|darrius.
Donnell.|donnell.
Geoffrey.|geoffrey.
Herbert.|herbert.
Jacari.|jacari.
Kadence.|kadence.
Kaedyn.|kaedyn.
Karam.|karam.
Kylin.|kylin.
Mohamad.|mohamad.
Nathen.|nathen.
Orin.|orin.
Sameer.|sameer.
Warner.|warner.
Ainara.|ainara.
Amiracle.|amiracle.
Angelie.|angelie.
Annalyse.|annalyse.
Anslee.|anslee.
Asiyah.|asiyah.
Brianne.|brianne.
Brynnley.|brynnley.
Devon.|devon.
Ericka.|ericka.
Kalyn.|kalyn.
Kenslee.|kenslee.
Kristine.|kristine.
Lael.|lael.
Laynie.|laynie.
Maizie.|maizie.
Marlo.|marlo.
Noelani.|noelani.
Philomena.|philomena.
Rilyn.|rilyn.
Rivky.|rivky.
Sahasra.|sahasra.
Sherry.|sherry.
Suzanne.|suzanne.
Ayman.|ayman.
Blaize.|blaize.
Coltyn.|coltyn.
Cylas.|cylas.
Gerson.|gerson.
Hadi.|hadi.
Kurtis.|kurtis.
Malikai.|malikai.
Nicolai.|nicolai.
Olivier.|olivier.
Payson.|payson.
Raleigh.|raleigh.
Saad.|saad.
Valor.|valor.
Westen.|westen.
Adelynne.|adelynne.
Aisley.|aisley.
Arantxa.|arantxa.
Avaleigh.|avaleigh.
Brookelyn.|brookelyn.
Chanelle.|chanelle.
Christianna.|christianna.
Edna.|edna.
Elisheva.|elisheva.
Emaan.|emaan.
Felicia.|felicia.
Giulianna.|giulianna.
Harlyn.|harlyn.
Jayleigh.|jayleigh.
Kaileigh.|kaileigh.
Kylynn.|kylynn.
Landyn.|landyn.
Malinda.|malinda.
Norma.|norma.
Preslie.|preslie.
Romy.|romy.
Savana.|savana.
Shyann.|shyann.
Zakiyah.|zakiyah.
Agastya.|agastya.
Arius.|arius.
Ayush.|ayush.
Caeden.|caeden.
Hampton.|hampton.
Ibraheem.|ibraheem.
Jayveon.|jayveon.
Jed.|jed.
Kellin.|kellin.
Knowledge.|knowledge.
Kollin.|kollin.
Michelangelo.|michelangelo.
Sanjay.|sanjay.
Tenzin.|tenzin.
Wendell.|wendell.
Zakary.|zakary.
Alexi.|alexi.
Alona.|alona.
Anaiya.|anaiya.
Anaiyah.|anaiyah.
Briseida.|briseida.
Dasia.|dasia.
Draya.|draya.
Emmarose.|emmarose.
Gema.|gema.
Hadassa.|hadassa.
Jacelynn.|jacelynn.
Jayna.|jayna.
Jensen.|jensen.
Josey.|josey.
Kenzington.|kenzington.
Lilyanne.|lilyanne.
Liyana.|liyana.
Misha.|misha.
Odessa.|odessa.
Skylin.|skylin.
Theia.|theia.
Vianey.|vianey.
Ammon.|ammon.
Andrei.|andrei.
Augustin.|augustin.
Breck.|breck.
Calum.|calum.
Chayton.|chayton.
Conley.|conley.
Damani.|damani.
Dmitri.|dmitri.
Eliott.|eliott.
Filip.|filip.
Finnigan.|finnigan.
Giorgio.|giorgio.
Isidro.|isidro.
Jaheim.|jaheim.
Jaxsyn.|jaxsyn.
Konrad.|konrad.
Landan.|landan.
Omer.|omer.
Renzo.|renzo.
Taha.|taha.
Treyvon.|treyvon.
Witten.|witten.
Acelynn.|acelynn.
Adara.|adara.
Aliviah.|aliviah.
Anderson.|anderson.
Asher.|asher.
Avyanna.|avyanna.
Azlynn.|azlynn.
Berlin.|berlin.
Cayleigh.|cayleigh.
Evalina.|evalina.
Illiana.|illiana.
Jaslene.|jaslene.
Jennie.|jennie.
Johannah.|johannah.
Kahlan.|kahlan.
Kassie.|kassie.
Kenadee.|kenadee.
Khylee.|khylee.
Klaire.|klaire.
Lyrik.|lyrik.
Nirvana.|nirvana.
Rahma.|rahma.
Randi.|randi.
Shira.|shira.
Abbas.|abbas.
Ayub.|ayub.
Barron.|barron.
Bradlee.|bradlee.
Cartier.|cartier.
Eben.|eben.
Evin.|evin.
Hiro.|hiro.
Isael.|isael.
Jaiceon.|jaiceon.
Jarrod.|jarrod.
Jaziah.|jaziah.
Johnson.|johnson.
Juancarlos.|juancarlos.
Juanpablo.|juanpablo.
Kharter.|kharter.
Masiah.|masiah.
Oziel.|oziel.
Sahil.|sahil.
Shayan.|shayan.
Tre.|tre.
Tytan.|tytan.
West.|west.
Wylie.|wylie.
Zacharias.|zacharias.
Zen.|zen.
Adlee.|adlee.
Adria.|adria.
Anja.|anja.
Berklee.|berklee.
Blakeley.|blakeley.
Coralee.|coralee.
Dakotah.|dakotah.
Fatoumata.|fatoumata.
Halima.|halima.
Indiana.|indiana.
Jamia.|jamia.
Jovi.|jovi.
Kennady.|kennady.
Kirra.|kirra.
Layah.|layah.
Magaly.|magaly.
Mayar.|mayar.
Naiya.|naiya.
Naveah.|naveah.
Pia.|pia.
Shaila.|shaila.
Shriya.|shriya.
Starr.|starr.
Zipporah.|zipporah.
Ashtyn.|ashtyn.
Ciaran.|ciaran.
Davonte.|davonte.
Dyson.|dyson.
Elyjah.|elyjah.
Fitzgerald.|fitzgerald.
Gregorio.|gregorio.
Indiana.|indiana.
Jakoby.|jakoby.
Kavin.|kavin.
Layden.|layden.
Mckinley.|mckinley.
Mendel.|mendel.
Shiv.|shiv.
Syrus.|syrus.
Willis.|willis.
Zymir.|zymir.
Aaralyn.|aaralyn.
Aashvi.|aashvi.
Abriana.|abriana.
Amyiah.|amyiah.
Analiyah.|analiyah.
Anastacia.|anastacia.
Annalie.|annalie.
Annalyn.|annalyn.
Brinkley.|brinkley.
Easton.|easton.
Eliyah.|eliyah.
Haiden.|haiden.
Ily.|ily.
Ivie.|ivie.
Janai.|janai.
Jesslyn.|jesslyn.
Kyara.|kyara.
Lexy.|lexy.
Leyna.|leyna.
Maple.|maple.
Marlena.|marlena.
Meara.|meara.
Rylei.|rylei.
Saira.|saira.
Saya.|saya.
Skyy.|skyy.
Ashwin.|ashwin.
Deklyn.|deklyn.
Dempsey.|dempsey.
Gavriel.|gavriel.
Gracen.|gracen.
Khamari.|khamari.
Lemuel.|lemuel.
Madison.|madison.
Mahmoud.|mahmoud.
Malek.|malek.
Meyer.|meyer.
Rudra.|rudra.
Sunny.|sunny.
Aleen.|aleen.
Aleeyah.|aleeyah.
Alysson.|alysson.
Ariannah.|ariannah.
Ayden.|ayden.
Brook.|brook.
Brynna.|brynna.
Ellyana.|ellyana.
Emmersyn.|emmersyn.
Ensley.|ensley.
Kim.|kim.
Kolbie.|kolbie.
Kyrah.|kyrah.
Leana.|leana.
Mabry.|mabry.
Maleigha.|maleigha.
Miller.|miller.
Ravyn.|ravyn.
Ridley.|ridley.
Ryanne.|ryanne.
Serene.|serene.
Simran.|simran.
Abiel.|abiel.
Aj.|aj.
Coleton.|coleton.
Gadiel.|gadiel.
Jadyn.|jadyn.
Jeff.|jeff.
Joseluis.|joseluis.
Karas.|karas.
Kayne.|kayne.
Loren.|loren.
Marquez.|marquez.
Merritt.|merritt.
Montana.|montana.
Oden.|oden.
Ren.|ren.
Roscoe.|roscoe.
Zach.|zach.
Aalayah.|aalayah.
Baylie.|baylie.
Bethel.|bethel.
Briseyda.|briseyda.
Caitlynn.|caitlynn.
Collette.|collette.
Grey.|grey.
Isa.|isa.
Isela.|isela.
Ivette.|ivette.
Janaya.|janaya.
Jariyah.|jariyah.
Jordana.|jordana.
Julieth.|julieth.
Keagan.|keagan.
Lexus.|lexus.
Lilli.|lilli.
Meagan.|meagan.
Nava.|nava.
Nilah.|nilah.
Royale.|royale.
Sequoia.|sequoia.
Sullivan.|sullivan.
Tillie.|tillie.
Tova.|tova.
Venus.|venus.
Beckam.|beckam.
Blair.|blair.
Darin.|darin.
Dixon.|dixon.
Everardo.|everardo.
Jimmie.|jimmie.
Karsten.|karsten.
Kasyn.|kasyn.
Kekoa.|kekoa.
Osmar.|osmar.
Ozzy.|ozzy.
Patton.|patton.
Shia.|shia.
Tru.|tru.
Tye.|tye.
Tylen.|tylen.
Zayan.|zayan.
Zylen.|zylen.
Amaryllis.|amaryllis.
Aniylah.|aniylah.
Becca.|becca.
Carrington.|carrington.
Daliyah.|daliyah.
Emilyn.|emilyn.
Emsley.|emsley.
Eowyn.|eowyn.
Gianni.|gianni.
Haya.|haya.
Isley.|isley.
Jamiah.|jamiah.
Jenevieve.|jenevieve.
Jesiah.|jesiah.
Laurie.|laurie.
Maddisyn.|maddisyn.
Mandy.|mandy.
Meah.|meah.
Nadya.|nadya.
Nataleigh.|nataleigh.
Paxton.|paxton.
Sedona.|sedona.
Zakiya.|zakiya.
Ahmari.|ahmari.
Akiva.|akiva.
Antwon.|antwon.
Breckin.|breckin.
Camari.|camari.
Crue.|crue.
Devante.|devante.
Jeter.|jeter.
Kaydon.|kaydon.
Loyal.|loyal.
Sultan.|sultan.
Taylen.|taylen.
Virgil.|virgil.
Yehoshua.|yehoshua.
Zeppelin.|zeppelin.
Abilene.|abilene.
Adia.|adia.
Aly.|aly.
Arissa.|arissa.
Blakelee.|blakelee.
Briseis.|briseis.
Cailey.|cailey.
Chesney.|chesney.
Daniyah.|daniyah.
Emmylou.|emmylou.
Finlee.|finlee.
Ginger.|ginger.
Ilyana.|ilyana.
Izabela.|izabela.
Jaime.|jaime.
Jalissa.|jalissa.
Kaiyah.|kaiyah.
Kezia.|kezia.
Kylin.|kylin.
Kynnedi.|kynnedi.
Maira.|maira.
Melisa.|melisa.
Minnie.|minnie.
Niah.|niah.
Nika.|nika.
Payson.|payson.
Rikki.|rikki.
Safiya.|safiya.
Tanner.|tanner.
Tayler.|tayler.
Yulianna.|yulianna.
Baxter.|baxter.
Braedon.|braedon.
Deklin.|deklin.
Deontae.|deontae.
Fahad.|fahad.
Jacobo.|jacobo.
Jafet.|jafet.
Jonatan.|jonatan.
Kolbe.|kolbe.
Krishna.|krishna.
Maceo.|maceo.
Manny.|manny.
Manolo.|manolo.
Reyes.|reyes.
Richie.|richie.
Salomon.|salomon.
Sulaiman.|sulaiman.
Adalyne.|adalyne.
Alea.|alea.
Analy.|analy.
Anvika.|anvika.
Azalia.|azalia.
Aziyah.|aziyah.
Bobbi.|bobbi.
Brilee.|brilee.
Camellia.|camellia.
Damiyah.|damiyah.
Elowyn.|elowyn.
Elyza.|elyza.
Irma.|irma.
Jean.|jean.
Kamaria.|kamaria.
Kensie.|kensie.
Keyli.|keyli.
Khaliyah.|khaliyah.
Kristiana.|kristiana.
Liz.|liz.
Luca.|luca.
Melanny.|melanny.
Polina.|polina.
Sakura.|sakura.
Yasmina.|yasmina.
Zaniah.|zaniah.
Anirudh.|anirudh.
Croix.|croix.
Dayson.|dayson.
Eivin.|eivin.
Gene.|gene.
Hashim.|hashim.
Holt.|holt.
Jaren.|jaren.
Jermiah.|jermiah.
Kadin.|kadin.
Lex.|lex.
Maxson.|maxson.
Nevin.|nevin.
Osiel.|osiel.
Tayson.|tayson.
Tom.|tom.
Travon.|travon.
Adrianne.|adrianne.
Alaynah.|alaynah.
Amna.|amna.
Auria.|auria.
Dawson.|dawson.
Dayanara.|dayanara.
Elani.|elani.
Eris.|eris.
Isra.|isra.
Jailyne.|jailyne.
Jariah.|jariah.
Joselin.|joselin.
Justina.|justina.
Kameryn.|kameryn.
Karol.|karol.
Kymber.|kymber.
Lani.|lani.
Maliha.|maliha.
Marigold.|marigold.
Marla.|marla.
Reva.|reva.
Rosanna.|rosanna.
Tyra.|tyra.
Uma.|uma.
Zoee.|zoee.
Akhil.|akhil.
Amadeus.|amadeus.
Aram.|aram.
Asael.|asael.
Brooklyn.|brooklyn.
Carmello.|carmello.
Dallin.|dallin.
Deanthony.|deanthony.
Eshan.|eshan.
Eyad.|eyad.
Faisal.|faisal.
Journey.|journey.
Kenai.|kenai.
Koltyn.|koltyn.
Lenin.|lenin.
Marshal.|marshal.
Paulo.|paulo.
Radley.|radley.
Raghav.|raghav.
Riggs.|riggs.
Seven.|seven.
Simcha.|simcha.
Willem.|willem.
Wynn.|wynn.
Alexandrea.|alexandrea.
Annsley.|annsley.
Asa.|asa.
Blakelyn.|blakelyn.
Brandy.|brandy.
Chelsie.|chelsie.
Citlaly.|citlaly.
Daelyn.|daelyn.
Delila.|delila.
Destiney.|destiney.
Huda.|huda.
Irelyn.|irelyn.
Jazleen.|jazleen.
Joseline.|joseline.
Kaiden.|kaiden.
Kalliope.|kalliope.
Kynsley.|kynsley.
Mattison.|mattison.
Ocean.|ocean.
Solana.|solana.
Stormie.|stormie.
Aziel.|aziel.
Braylan.|braylan.
Brylan.|brylan.
Cru.|cru.
Cruze.|cruze.
Eastyn.|eastyn.
Genaro.|genaro.
Hernan.|hernan.
Kalen.|kalen.
Kaydin.|kaydin.
Kevon.|kevon.
Landin.|landin.
Orson.|orson.
Rush.|rush.
Shlok.|shlok.
Wren.|wren.
Aaliya.|aaliya.
Adamaris.|adamaris.
Alynna.|alynna.
Anali.|anali.
Analisa.|analisa.
Angelia.|angelia.
Aralynn.|aralynn.
Azlyn.|azlyn.
Brileigh.|brileigh.
Brilynn.|brilynn.
Caia.|caia.
Cathy.|cathy.
Dara.|dara.
Edyn.|edyn.
Emmalin.|emmalin.
Emree.|emree.
Gracey.|gracey.
Harlynn.|harlynn.
Harmonee.|harmonee.
Ileana.|ileana.
Iona.|iona.
Jayce.|jayce.
Jesse.|jesse.
Kailah.|kailah.
Katana.|katana.
Kenadie.|kenadie.
Lamya.|lamya.
Laynee.|laynee.
Lillee.|lillee.
Makiya.|makiya.
Makyla.|makyla.
Marilynn.|marilynn.
Nahomy.|nahomy.
Naomy.|naomy.
Nariyah.|nariyah.
Neve.|neve.
Scotlyn.|scotlyn.
Zamiyah.|zamiyah.
Zaylah.|zaylah.
Adonai.|adonai.
Ayansh.|ayansh.
Aylan.|aylan.
Brennon.|brennon.
Dave.|dave.
Finlay.|finlay.
Guadalupe.|guadalupe.
Hendrik.|hendrik.
Jamaal.|jamaal.
Jeronimo.|jeronimo.
Klay.|klay.
Lake.|lake.
Oswaldo.|oswaldo.
Reggie.|reggie.
Rehan.|rehan.
Zyair.|zyair.
Adamari.|adamari.
Ahana.|ahana.
Aizah.|aizah.
Aleia.|aleia.
Alliyah.|alliyah.
Andromeda.|andromeda.
Avayah.|avayah.
Ayelen.|ayelen.
Birdie.|birdie.
Brie.|brie.
Bryana.|bryana.
Cathryn.|cathryn.
Devora.|devora.
Francis.|francis.
Jaela.|jaela.
Josette.|josette.
Karson.|karson.
Kenadi.|kenadi.
Lavinia.|lavinia.
Liesel.|liesel.
Luci.|luci.
Malorie.|malorie.
Manuela.|manuela.
Melannie.|melannie.
Rena.|rena.
Rina.|rina.
Rya.|rya.
Tirzah.|tirzah.
Wyatt.|wyatt.
Abhiram.|abhiram.
Adryan.|adryan.
Armin.|armin.
Azrael.|azrael.
Bradford.|bradford.
Cree.|cree.
Esai.|esai.
Everette.|everette.
Jeancarlos.|jeancarlos.
Kahlil.|kahlil.
Kendric.|kendric.
Mamadou.|mamadou.
Mykel.|mykel.
Pax.|pax.
Riyan.|riyan.
Robbie.|robbie.
Treyton.|treyton.
Zac.|zac.
Ambar.|ambar.
Ameya.|ameya.
Auden.|auden.
Brynlie.|brynlie.
Catarina.|catarina.
Chase.|chase.
Chevy.|chevy.
Citlalli.|citlalli.
Crimson.|crimson.
Daniya.|daniya.
Denali.|denali.
Emberlee.|emberlee.
Eviana.|eviana.
Giulietta.|giulietta.
Haisley.|haisley.
Jaydah.|jaydah.
Kaylei.|kaylei.
Kiah.|kiah.
Kimberlee.|kimberlee.
Landrie.|landrie.
Lillia.|lillia.
Lyanna.|lyanna.
Lynnlee.|lynnlee.
Macyn.|macyn.
Malaika.|malaika.
Marlen.|marlen.
Maycie.|maycie.
Paetyn.|paetyn.
Sama.|sama.
Saraya.|saraya.
Shaindy.|shaindy.
Vania.|vania.
Zahraa.|zahraa.
Aariz.|aariz.
Ahaan.|ahaan.
Arie.|arie.
Asaiah.|asaiah.
Dakoda.|dakoda.
Elton.|elton.
Federico.|federico.
Granger.|granger.
Haden.|haden.
Kerry.|kerry.
Mavrick.|mavrick.
Nabil.|nabil.
Nahum.|nahum.
Natanael.|natanael.
Noa.|noa.
Pete.|pete.
Ridley.|ridley.
Samar.|samar.
Sylus.|sylus.
Uziel.|uziel.
Adaly.|adaly.
Adira.|adira.
Adison.|adison.
Ahuva.|ahuva.
Alise.|alise.
Aliyanna.|aliyanna.
Alize.|alize.
Austen.|austen.
Britany.|britany.
Cameryn.|cameryn.
Cassia.|cassia.
Dia.|dia.
Elanor.|elanor.
Elliotte.|elliotte.
Estefani.|estefani.
Evelynne.|evelynne.
Evy.|evy.
Harbor.|harbor.
Inez.|inez.
Jessi.|jessi.
Kaidyn.|kaidyn.
Kensi.|kensi.
Kensleigh.|kensleigh.
Khole.|khole.
Leeann.|leeann.
Lindy.|lindy.
Lora.|lora.
Maddyn.|maddyn.
Madelyne.|madelyne.
Madisen.|madisen.
Maja.|maja.
Makynlee.|makynlee.
Michele.|michele.
Nalah.|nalah.
Nell.|nell.
Philippa.|philippa.
Railynn.|railynn.
Rayan.|rayan.
Razan.|razan.
Samiah.|samiah.
Serina.|serina.
Skylyn.|skylyn.
Suzanna.|suzanna.
Yessenia.|yessenia.
Zofia.|zofia.
Arik.|arik.
Arley.|arley.
Calen.|calen.
Crawford.|crawford.
Darsh.|darsh.
Daylin.|daylin.
Garret.|garret.
Javien.|javien.
Jaycen.|jaycen.
Kentrell.|kentrell.
Marius.|marius.
Riot.|riot.
Shelton.|shelton.
Sylis.|sylis.
Taiden.|taiden.
Tidus.|tidus.
Tim.|tim.
Trayvon.|trayvon.
Waylen.|waylen.
Zakari.|zakari.
Aiden.|aiden.
Alaska.|alaska.
Alya.|alya.
Analiah.|analiah.
Arrow.|arrow.
Arsema.|arsema.
Brailynn.|brailynn.
Christa.|christa.
Dinah.|dinah.
Emorie.|emorie.
Hanan.|hanan.
Havyn.|havyn.
Hiba.|hiba.
Iqra.|iqra.
Izabell.|izabell.
Kambrie.|kambrie.
Kami.|kami.
Karrington.|karrington.
Khloey.|khloey.
Kitana.|kitana.
Kyle.|kyle.
Lamar.|lamar.
Leyah.|leyah.
Lizzie.|lizzie.
Maylani.|maylani.
Natali.|natali.
Navaeh.|navaeh.
Roberta.|roberta.
Safia.|safia.
Tatyana.|tatyana.
Wednesday.|wednesday.
Winry.|winry.
Zamira.|zamira.
Aric.|aric.
Arin.|arin.
Aris.|aris.
Ashten.|ashten.
Aydenn.|aydenn.
Cy.|cy.
Haris.|haris.
Ignatius.|ignatius.
Jedediah.|jedediah.
Jordin.|jordin.
Mayer.|mayer.
Nivaan.|nivaan.
Shay.|shay.
Tamir.|tamir.
Tyus.|tyus.
Ailin.|ailin.
Alaura.|alaura.
Aleida.|aleida.
Alycia.|alycia.
Amairany.|amairany.
Anamaria.|anamaria.
Arina.|arina.
Ayra.|ayra.
Azeneth.|azeneth.
Bellarose.|bellarose.
Brinleigh.|brinleigh.
Brooklin.|brooklin.
Brystal.|brystal.
Cedar.|cedar.
Danya.|danya.
Ellah.|ellah.
Emori.|emori.
Esmae.|esmae.
Haniya.|haniya.
Henrietta.|henrietta.
Israel.|israel.
Jackelyn.|jackelyn.
Janylah.|janylah.
Jenessa.|jenessa.
Kendyll.|kendyll.
Klarissa.|klarissa.
Kylar.|kylar.
Laiken.|laiken.
Lakynn.|lakynn.
Lizette.|lizette.
Lulu.|lulu.
Makynzie.|makynzie.
Marisela.|marisela.
Mayzie.|mayzie.
Mckenzi.|mckenzi.
Neela.|neela.
Olga.|olga.
Rylen.|rylen.
Snow.|snow.
Taylen.|taylen.
Adriano.|adriano.
Adyn.|adyn.
Broden.|broden.
Caine.|caine.
Daron.|daron.
Dejuan.|dejuan.
Geovanny.|geovanny.
Harlen.|harlen.
Hutson.|hutson.
Jeshua.|jeshua.
Kaidan.|kaidan.
Keandre.|keandre.
Saeed.|saeed.
Woodrow.|woodrow.
Amila.|amila.
Arleen.|arleen.
Azari.|azari.
Bay.|bay.
Becky.|becky.
Berenice.|berenice.
Cailynn.|cailynn.
Cate.|cate.
Chloee.|chloee.
Cianna.|cianna.
Corrine.|corrine.
Daylin.|daylin.
Delainey.|delainey.
Delphine.|delphine.
Deonna.|deonna.
Divya.|divya.
Eman.|eman.
Esmee.|esmee.
Fabiana.|fabiana.
Ishani.|ishani.
Jaeda.|jaeda.
Jayme.|jayme.
Jaymie.|jaymie.
Julisa.|julisa.
Kalie.|kalie.
Kalista.|kalista.
Keisha.|keisha.
Kyliee.|kyliee.
Levi.|levi.
Lili.|lili.
Markayla.|markayla.
Miliana.|miliana.
Nahomi.|nahomi.
Nicolle.|nicolle.
Oaklie.|oaklie.
Ofelia.|ofelia.
Rochelle.|rochelle.
Samya.|samya.
Sephora.|sephora.
Silvana.|silvana.
Tylee.|tylee.
Abelardo.|abelardo.
Alston.|alston.
Armon.|armon.
Burke.|burke.
Cedrick.|cedrick.
Conan.|conan.
Devlin.|devlin.
Erin.|erin.
Isreal.|isreal.
Javin.|javin.
Joah.|joah.
Kainen.|kainen.
Kolin.|kolin.
Kris.|kris.
Maliki.|maliki.
Percy.|percy.
Skye.|skye.
Sven.|sven.
Tai.|tai.
Talen.|talen.
Tavin.|tavin.
Thane.|thane.
Wolf.|wolf.
Ziyad.|ziyad.
Aariyah.|aariyah.
Aliannah.|aliannah.
Aulani.|aulani.
Averee.|averee.
Britta.|britta.
Caliana.|caliana.
Ellena.|ellena.
Eloisa.|eloisa.
Emmah.|emmah.
Hosanna.|hosanna.
Jahzara.|jahzara.
Kaniya.|kaniya.
Kenzy.|kenzy.
Lariah.|lariah.
Maricela.|maricela.
Nayomi.|nayomi.
Oaklynn.|oaklynn.
Semaj.|semaj.
Shaelynn.|shaelynn.
Tierra.|tierra.
Tristyn.|tristyn.
Zena.|zena.
Abhinav.|abhinav.
Alain.|alain.
Arlen.|arlen.
Blayze.|blayze.
Camdon.|camdon.
Darrin.|darrin.
Domenico.|domenico.
Domingo.|domingo.
Dresden.|dresden.
Eoin.|eoin.
Jeriah.|jeriah.
Kalani.|kalani.
Kaleo.|kaleo.
Karon.|karon.
Kaycen.|kaycen.
Knight.|knight.
Mahir.|mahir.
Matt.|matt.
Octavius.|octavius.
Paolo.|paolo.
Pryce.|pryce.
Rayaan.|rayaan.
Adelyne.|adelyne.
Alaa.|alaa.
Allana.|allana.
Aralyn.|aralyn.
Ashlin.|ashlin.
Bernice.|bernice.
Blayke.|blayke.
Breckyn.|breckyn.
Brithany.|brithany.
Cailee.|cailee.
Callista.|callista.
Ciana.|ciana.
Coralynn.|coralynn.
Daiana.|daiana.
Ina.|ina.
Jaila.|jaila.
Jalisa.|jalisa.
Jaziyah.|jaziyah.
Kaleigha.|kaleigha.
Korbyn.|korbyn.
Layken.|layken.
Layton.|layton.
Leya.|leya.
Liora.|liora.
Mikah.|mikah.
Ollie.|ollie.
Simona.|simona.
Siobhan.|siobhan.
Skai.|skai.
Tenzin.|tenzin.
Abdallah.|abdallah.
Adair.|adair.
Amadou.|amadou.
Avan.|avan.
Bayron.|bayron.
Coltin.|coltin.
Elyas.|elyas.
Finnick.|finnick.
Jameer.|jameer.
Javeon.|javeon.
Karthik.|karthik.
Lavon.|lavon.
Lyrik.|lyrik.
Mordecai.|mordecai.
Natan.|natan.
Ozzie.|ozzie.
Romello.|romello.
Ryu.|ryu.
Sagan.|sagan.
Saleh.|saleh.
Sampson.|sampson.
Selim.|selim.
Thompson.|thompson.
Aislin.|aislin.
Angelyn.|angelyn.
Anora.|anora.
Avri.|avri.
Ayat.|ayat.
Brantley.|brantley.
Cheryl.|cheryl.
Chole.|chole.
Esha.|esha.
Ezri.|ezri.
Francine.|francine.
Kambri.|kambri.
Leylah.|leylah.
Lisette.|lisette.
Marlei.|marlei.
Naira.|naira.
Novaleigh.|novaleigh.
Oaklyn.|oaklyn.
Pandora.|pandora.
Raylen.|raylen.
Rosaleigh.|rosaleigh.
Roxie.|roxie.
Sahar.|sahar.
Samarah.|samarah.
Samirah.|samirah.
Shakira.|shakira.
Talitha.|talitha.
Tyanna.|tyanna.
Ziyah.|ziyah.
Zylah.|zylah.
Aman.|aman.
Avyaan.|avyaan.
Aziz.|aziz.
Benji.|benji.
Chauncey.|chauncey.
Collier.|collier.
Eiden.|eiden.
Eligh.|eligh.
Emile.|emile.
Eren.|eren.
Gaven.|gaven.
Hawk.|hawk.
Hero.|hero.
Huntley.|huntley.
Izrael.|izrael.
Jasen.|jasen.
Jerrick.|jerrick.
Kaizen.|kaizen.
Kal.|kal.
Kamran.|kamran.
Kegan.|kegan.
Marcell.|marcell.
Mikhael.|mikhael.
Nile.|nile.
Nyjah.|nyjah.
Penn.|penn.
Rami.|rami.
Revan.|revan.
Shaquille.|shaquille.
Trevin.|trevin.
Zuriel.|zuriel.
Aaniyah.|aaniyah.
Alaiya.|alaiya.
Anessa.|anessa.
Aubrei.|aubrei.
Brailee.|brailee.
Breanne.|breanne.
Cayden.|cayden.
Emmanuelle.|emmanuelle.
Everlie.|everlie.
Evey.|evey.
Farida.|farida.
Izzy.|izzy.
Jadelyn.|jadelyn.
Jakiyah.|jakiyah.
Kameron.|kameron.
Kiyomi.|kiyomi.
Lenox.|lenox.
Maisey.|maisey.
Malika.|malika.
Mckynlee.|mckynlee.
Rhiley.|rhiley.
Sincere.|sincere.
Sparrow.|sparrow.
Syeda.|syeda.
Tasneem.|tasneem.
Ziya.|ziya.
Zya.|zya.
Zyra.|zyra.
Bennet.|bennet.
Booker.|booker.
Brison.|brison.
Claudio.|claudio.
Daquan.|daquan.
Devontae.|devontae.
Eldon.|eldon.
Eshaan.|eshaan.
Geno.|geno.
Heston.|heston.
Issa.|issa.
Kemper.|kemper.
Kodi.|kodi.
Leslie.|leslie.
Linkoln.|linkoln.
Martez.|martez.
Mykah.|mykah.
Robinson.|robinson.
Sir.|sir.
Stewart.|stewart.
Stockton.|stockton.
Varun.|varun.
Zyan.|zyan.
Adrielle.|adrielle.
Allyssa.|allyssa.
Amillia.|amillia.
Amilya.|amilya.
Amyrah.|amyrah.
Aniyla.|aniyla.
Anushka.|anushka.
Aryia.|aryia.
Ayda.|ayda.
Bentlee.|bentlee.
Brailyn.|brailyn.
Brelynn.|brelynn.
Charisma.|charisma.
Dayla.|dayla.
Effie.|effie.
Elif.|elif.
Ellisyn.|ellisyn.
Elyanna.|elyanna.
Henlee.|henlee.
Hilary.|hilary.
Jameson.|jameson.
Janay.|janay.
Jena.|jena.
Jorja.|jorja.
Jozie.|jozie.
Kaleena.|kaleena.
Kyli.|kyli.
Lillyanne.|lillyanne.
Macee.|macee.
Maddilynn.|maddilynn.
Makaylee.|makaylee.
Marta.|marta.
Mea.|mea.
Meira.|meira.
Monserrath.|monserrath.
Naliyah.|naliyah.
Raygan.|raygan.
Raylyn.|raylyn.
Reema.|reema.
Rosy.|rosy.
Sayuri.|sayuri.
Shanelle.|shanelle.
Soliana.|soliana.
Sora.|sora.
Tanisha.|tanisha.
Violett.|violett.
Zamora.|zamora.
Armoni.|armoni.
Bowie.|bowie.
Conway.|conway.
Corben.|corben.
Cove.|cove.
Daylon.|daylon.
Jahari.|jahari.
Jawad.|jawad.
Kendell.|kendell.
Kirby.|kirby.
Lisandro.|lisandro.
Naftali.|naftali.
Rayshawn.|rayshawn.
Trae.|trae.
Unknown.|unknown.
Ahna.|ahna.
Ailey.|ailey.
Aiva.|aiva.
Alexxa.|alexxa.
Alysha.|alysha.
Aseel.|aseel.
Auburn.|auburn.
Azra.|azra.
Brecklyn.|brecklyn.
Brenley.|brenley.
Candy.|candy.
Caylin.|caylin.
Darianna.|darianna.
Dayani.|dayani.
Demetria.|demetria.
Ellee.|ellee.
Ellora.|ellora.
Gabriel.|gabriel.
Grayce.|grayce.
Iyonna.|iyonna.
Janette.|janette.
Janney.|janney.
Jayci.|jayci.
Legend.|legend.
Maeleigh.|maeleigh.
Makaela.|makaela.
Maryah.|maryah.
Mayleen.|mayleen.
Misty.|misty.
Monae.|monae.
Mykah.|mykah.
Nada.|nada.
Renae.|renae.
Sima.|sima.
Vanesa.|vanesa.
Zada.|zada.
Basil.|basil.
Bayne.|bayne.
Bennie.|bennie.
Christiano.|christiano.
Copeland.|copeland.
Cylus.|cylus.
Demir.|demir.
Edin.|edin.
Farhan.|farhan.
Itzae.|itzae.
Jamier.|jamier.
Jareth.|jareth.
Jhase.|jhase.
Kanaan.|kanaan.
Leviticus.|leviticus.
Michaelangelo.|michaelangelo.
Ozias.|ozias.
Ronen.|ronen.
Rustin.|rustin.
Sai.|sai.
Sloan.|sloan.
Stratton.|stratton.
Tavon.|tavon.
Zaki.|zaki.
Ailee.|ailee.
Alaynna.|alaynna.
Aline.|aline.
Alysa.|alysa.
Amaiya.|amaiya.
Audri.|audri.
Aysha.|aysha.
Bayla.|bayla.
Bradley.|bradley.
Brailey.|brailey.
Calia.|calia.
Catalaya.|catalaya.
Cesia.|cesia.
Cloe.|cloe.
Diem.|diem.
Eastyn.|eastyn.
Embry.|embry.
Gisela.|gisela.
Gretta.|gretta.
Havana.|havana.
Jaide.|jaide.
Joie.|joie.
Kalaya.|kalaya.
Kamaya.|kamaya.
Leeah.|leeah.
Magali.|magali.
Mahi.|mahi.
Makiah.|makiah.
Minerva.|minerva.
Paislie.|paislie.
Rozlyn.|rozlyn.
Sanjana.|sanjana.
Sianna.|sianna.
Tayah.|tayah.
Tyla.|tyla.
Akshaj.|akshaj.
Aleksandr.|aleksandr.
Alen.|alen.
Avyan.|avyan.
Blayden.|blayden.
Braven.|braven.
Claude.|claude.
Denton.|denton.
Jaceyon.|jaceyon.
Jaycee.|jaycee.
Kasper.|kasper.
Kemari.|kemari.
Keshav.|keshav.
Kroy.|kroy.
Maxen.|maxen.
Mazen.|mazen.
Mehki.|mehki.
Perseus.|perseus.
Reef.|reef.
Salim.|salim.
Stefano.|stefano.
Surya.|surya.
Tarik.|tarik.
Tejas.|tejas.
Thayer.|thayer.
Aashi.|aashi.
Alinah.|alinah.
Ameliah.|ameliah.
Atley.|atley.
Avari.|avari.
Beautiful.|beautiful.
Bryar.|bryar.
Cailin.|cailin.
Caris.|caris.
Charlette.|charlette.
Dawsyn.|dawsyn.
Deena.|deena.
Dezirae.|dezirae.
Elvira.|elvira.
Fanny.|fanny.
Gittel.|gittel.
Hinda.|hinda.
Honesti.|honesti.
Janine.|janine.
Jaziah.|jaziah.
Josalyn.|josalyn.
Kamia.|kamia.
Karsen.|karsen.
Kayliana.|kayliana.
Kristy.|kristy.
Lamiyah.|lamiyah.
Landri.|landri.
Leandra.|leandra.
Leiah.|leiah.
Liara.|liara.
Liesl.|liesl.
Lya.|lya.
Madina.|madina.
Mathilda.|mathilda.
Meryl.|meryl.
Miamor.|miamor.
Polly.|polly.
Primrose.|primrose.
Roya.|roya.
Rozlynn.|rozlynn.
Ryah.|ryah.
Wynn.|wynn.
Zelie.|zelie.
Aariv.|aariv.
Alessio.|alessio.
Ameen.|ameen.
Andersen.|andersen.
Avett.|avett.
Creighton.|creighton.
Daemon.|daemon.
Damarcus.|damarcus.
Deagan.|deagan.
Deaglan.|deaglan.
Edson.|edson.
Hendrick.|hendrick.
Indigo.|indigo.
Janiel.|janiel.
Kaeson.|kaeson.
Kam.|kam.
Kamrin.|kamrin.
Kavion.|kavion.
Keion.|keion.
Keven.|keven.
Kristofer.|kristofer.
Laron.|laron.
Montez.|montez.
Montrell.|montrell.
Naeem.|naeem.
Nathanial.|nathanial.
Ori.|ori.
Rayce.|rayce.
Raziel.|raziel.
Regan.|regan.
Renato.|renato.
Rodrick.|rodrick.
Roosevelt.|roosevelt.
Takoda.|takoda.
Tuff.|tuff.
Tysen.|tysen.
Vedant.|vedant.
Adrina.|adrina.
Aleina.|aleina.
Amie.|amie.
Ara.|ara.
Aylen.|aylen.
Aysia.|aysia.
Clarke.|clarke.
Corrina.|corrina.
Denim.|denim.
Emmelyn.|emmelyn.
Faiga.|faiga.
Gwenevere.|gwenevere.
Hilda.|hilda.
Holley.|holley.
Honey.|honey.
Ivonne.|ivonne.
Jelena.|jelena.
Kambria.|kambria.
Katlyn.|katlyn.
Kaycie.|kaycie.
Keisy.|keisy.
Leeanna.|leeanna.
Lisbeth.|lisbeth.
Maddyson.|maddyson.
Madelin.|madelin.
Mariama.|mariama.
Meila.|meila.
Messiah.|messiah.
Micaiah.|micaiah.
Navi.|navi.
Rahaf.|rahaf.
Rayah.|rayah.
Ryker.|ryker.
Sania.|sania.
Shalom.|shalom.
Sofiya.|sofiya.
Starla.|starla.
Stefanie.|stefanie.
Suzette.|suzette.
Tatianna.|tatianna.
Tru.|tru.
Valarie.|valarie.
Vanna.|vanna.
Zyanna.|zyanna.
Adem.|adem.
Adon.|adon.
Archibald.|archibald.
Atom.|atom.
Delano.|delano.
Demitri.|demitri.
Ebenezer.|ebenezer.
Edan.|edan.
Eloy.|eloy.
Hazen.|hazen.
Holland.|holland.
Javan.|javan.
Jeriel.|jeriel.
Jerrell.|jerrell.
Jhonny.|jhonny.
Justyn.|justyn.
Kaizer.|kaizer.
Kamal.|kamal.
Kamil.|kamil.
Keilan.|keilan.
Kingsten.|kingsten.
Makhai.|makhai.
Malcom.|malcom.
Neev.|neev.
Oaklee.|oaklee.
Pearson.|pearson.
Ranger.|ranger.
Shai.|shai.
Sydney.|sydney.
Tamim.|tamim.
Uzziah.|uzziah.
Vinny.|vinny.
Zacchaeus.|zacchaeus.
Aisling.|aisling.
Aleya.|aleya.
Alizah.|alizah.
Alysia.|alysia.
Amaira.|amaira.
Amberlynn.|amberlynn.
Analicia.|analicia.
Augusta.|augusta.
Avelina.|avelina.
Avrie.|avrie.
Azucena.|azucena.
Coralyn.|coralyn.
Ena.|ena.
Fannie.|fannie.
Gabby.|gabby.
Hala.|hala.
Hayzel.|hayzel.
Henny.|henny.
Jaedyn.|jaedyn.
Jalia.|jalia.
Kaili.|kaili.
Kareena.|kareena.
Karisma.|karisma.
Katya.|katya.
Kehlani.|kehlani.
Kenzlie.|kenzlie.
Keylin.|keylin.
Kylei.|kylei.
Lake.|lake.
Liba.|liba.
Lillianne.|lillianne.
Luana.|luana.
Lucca.|lucca.
Madelynne.|madelynne.
Mayleigh.|mayleigh.
Morrigan.|morrigan.
Naiomi.|naiomi.
Payslee.|payslee.
Railyn.|railyn.
Reegan.|reegan.
Siham.|siham.
Talayah.|talayah.
Tamiya.|tamiya.
Vail.|vail.
Zaylie.|zaylie.
Zeynep.|zeynep.
Akram.|akram.
Ameir.|ameir.
Artem.|artem.
Azaan.|azaan.
Binyomin.|binyomin.
Boris.|boris.
Bram.|bram.
Coulson.|coulson.
Denny.|denny.
Deondre.|deondre.
Devansh.|devansh.
Fabio.|fabio.
Gryffin.|gryffin.
Imari.|imari.
Jahaziel.|jahaziel.
Jaice.|jaice.
Jakson.|jakson.
Jancarlos.|jancarlos.
Javari.|javari.
Jaxten.|jaxten.
Jaydyn.|jaydyn.
Kendal.|kendal.
Macon.|macon.
Matix.|matix.
Monty.|monty.
Mylan.|mylan.
Ronny.|ronny.
Shemar.|shemar.
Shourya.|shourya.
Ted.|ted.
Valen.|valen.
Aanvi.|aanvi.
Adriel.|adriel.
Alyah.|alyah.
Annastasia.|annastasia.
Blakeleigh.|blakeleigh.
Caileigh.|caileigh.
Carmyn.|carmyn.
Catelyn.|catelyn.
Delani.|delani.
Dylann.|dylann.
Evette.|evette.
Fayth.|fayth.
Gala.|gala.
Goldy.|goldy.
Jaylanie.|jaylanie.
Joni.|joni.
Kalayah.|kalayah.
Kalise.|kalise.
Katherin.|katherin.
Kelsea.|kelsea.
Kimberlynn.|kimberlynn.
Lakota.|lakota.
Leiana.|leiana.
Leigh.|leigh.
Leonora.|leonora.
Maddalyn.|maddalyn.
Miangel.|miangel.
Monika.|monika.
Nawal.|nawal.
Nessa.|nessa.
Orianna.|orianna.
Raizel.|raizel.
Sena.|sena.
Shylah.|shylah.
Teyana.|teyana.
Tierney.|tierney.
Alastair.|alastair.
Aleksandar.|aleksandar.
Aramis.|aramis.
Armand.|armand.
Auron.|auron.
Aydon.|aydon.
Baruch.|baruch.
Colden.|colden.
Cornell.|cornell.
Dedrick.|dedrick.
Dequan.|dequan.
Dusty.|dusty.
Dyllan.|dyllan.
Erwin.|erwin.
Ethyn.|ethyn.
Galen.|galen.
Jalil.|jalil.
Kato.|kato.
Keyan.|keyan.
Ladarius.|ladarius.
Maleek.|maleek.
Mathieu.|mathieu.
Mattox.|mattox.
Musab.|musab.
Nyle.|nyle.
Owyn.|owyn.
Ravi.|ravi.
Sahir.|sahir.
Shaya.|shaya.
Sol.|sol.
Wylder.|wylder.
Aaliah.|aaliah.
Aaryn.|aaryn.
Abbigale.|abbigale.
Adalene.|adalene.
Addysen.|addysen.
Adelaida.|adelaida.
Aletheia.|aletheia.
Alyssandra.|alyssandra.
Alyssia.|alyssia.
Amoni.|amoni.
Anamarie.|anamarie.
Angelika.|angelika.
Aurielle.|aurielle.
Bliss.|bliss.
Carolynn.|carolynn.
Chantal.|chantal.
Christie.|christie.
Cree.|cree.
Dagny.|dagny.
Damya.|damya.
Deisy.|deisy.
Graycen.|graycen.
Hindy.|hindy.
Indira.|indira.
Indy.|indy.
Jaliah.|jaliah.
Jamilah.|jamilah.
Jamison.|jamison.
Jenni.|jenni.
Karime.|karime.
Kendalyn.|kendalyn.
Kimani.|kimani.
Kynley.|kynley.
Laela.|laela.
Lariyah.|lariyah.
Maha.|maha.
Mai.|mai.
Makenzy.|makenzy.
Mayrin.|mayrin.
Mischa.|mischa.
Neha.|neha.
Rana.|rana.
Royce.|royce.
Ryland.|ryland.
Seren.|seren.
Stefania.|stefania.
Swayze.|swayze.
Tamya.|tamya.
Abimael.|abimael.
Adil.|adil.
Ajani.|ajani.
Allister.|allister.
Arav.|arav.
Arron.|arron.
Ashtin.|ashtin.
Atharva.|atharva.
Ayrton.|ayrton.
Cortland.|cortland.
Didier.|didier.
Edrick.|edrick.
Eliah.|eliah.
Geronimo.|geronimo.
Gotham.|gotham.
Graeson.|graeson.
Honor.|honor.
Iverson.|iverson.
Izak.|izak.
Jasir.|jasir.
Kaito.|kaito.
Karmelo.|karmelo.
Kaydence.|kaydence.
Kip.|kip.
Levy.|levy.
Locke.|locke.
Mervin.|mervin.
Rayland.|rayland.
Shivam.|shivam.
Suleiman.|suleiman.
Tarek.|tarek.
Tiernan.|tiernan.
Tyron.|tyron.
Zaeden.|zaeden.
Acadia.|acadia.
Alayiah.|alayiah.
Alexys.|alexys.
Anyah.|anyah.
Arwa.|arwa.
Aundrea.|aundrea.
Aziza.|aziza.
Breasia.|breasia.
Chyanne.|chyanne.
Dallis.|dallis.
Eleana.|eleana.
Golda.|golda.
Gray.|gray.
Greenlee.|greenlee.
Greyson.|greyson.
Jai.|jai.
Jaylie.|jaylie.
Kamrynn.|kamrynn.
Kateri.|kateri.
Kaylan.|kaylan.
Kayle.|kayle.
Keilyn.|keilyn.
Khalani.|khalani.
Khylie.|khylie.
Laia.|laia.
Leilanie.|leilanie.
Liviana.|liviana.
Maylen.|maylen.
Micayla.|micayla.
Myrah.|myrah.
Nihira.|nihira.
Nithya.|nithya.
Ramiyah.|ramiyah.
Rubie.|rubie.
Shaylynn.|shaylynn.
Taegan.|taegan.
Tailynn.|tailynn.
Tynlee.|tynlee.
Una.|una.
Vaeda.|vaeda.
Venice.|venice.
Vesper.|vesper.
Zailey.|zailey.
Ziah.|ziah.
Aarnav.|aarnav.
Abbott.|abbott.
Alexandros.|alexandros.
Amaziah.|amaziah.
Berkley.|berkley.
Bladen.|bladen.
Chasen.|chasen.
Dakarai.|dakarai.
Dylon.|dylon.
Enoc.|enoc.
Gio.|gio.
Giovonni.|giovonni.
Hershel.|hershel.
Jahmari.|jahmari.
Jansen.|jansen.
Jarell.|jarell.
Javonte.|javonte.
Jeremyah.|jeremyah.
Jibril.|jibril.
Jiraiya.|jiraiya.
Khaleb.|khaleb.
Khayden.|khayden.
Lamarcus.|lamarcus.
Lowell.|lowell.
Marlo.|marlo.
Oryan.|oryan.
Oshea.|oshea.
Rasheed.|rasheed.
Rebel.|rebel.
Remmy.|remmy.
Ridwan.|ridwan.
Romel.|romel.
Rusty.|rusty.
Tennyson.|tennyson.
Trenten.|trenten.
Trysten.|trysten.
Von.|von.
Wilfredo.|wilfredo.
Abree.|abree.
Ahri.|ahri.
Aine.|aine.
Alahna.|alahna.
Alaysha.|alaysha.
Alecia.|alecia.
Arlyn.|arlyn.
Beau.|beau.
Beth.|beth.
Braylie.|braylie.
Breelynn.|breelynn.
Brihanna.|brihanna.
Brynne.|brynne.
Cambry.|cambry.
Caterina.|caterina.
Eleyna.|eleyna.
Everett.|everett.
Evianna.|evianna.
Graci.|graci.
Grettel.|grettel.
Griselda.|griselda.
Haileigh.|haileigh.
Haneen.|haneen.
Jacklynn.|jacklynn.
Jaicee.|jaicee.
Janell.|janell.
Jett.|jett.
Jocelyne.|jocelyne.
Jolynn.|jolynn.
Karah.|karah.
Kellie.|kellie.
Kerrington.|kerrington.
Kimberley.|kimberley.
Korah.|korah.
Lakelynn.|lakelynn.
Lilliann.|lilliann.
Lundyn.|lundyn.
Maelie.|maelie.
Maida.|maida.
Manal.|manal.
Maven.|maven.
Mei.|mei.
Mirabel.|mirabel.
Nadiya.|nadiya.
Noora.|noora.
Nubia.|nubia.
Perri.|perri.
Pessy.|pessy.
Rainey.|rainey.
Reeva.|reeva.
Rhoda.|rhoda.
Sapphira.|sapphira.
Scottie.|scottie.
Sirena.|sirena.
Sunnie.|sunnie.
Tammy.|tammy.
Zaynah.|zaynah.
Zophia.|zophia.
Aeden.|aeden.
Ahron.|ahron.
Akash.|akash.
Aren.|aren.
Blade.|blade.
Brandyn.|brandyn.
Bryon.|bryon.
Carlito.|carlito.
Christos.|christos.
Dez.|dez.
Eyan.|eyan.
Ferris.|ferris.
Harun.|harun.
Haziel.|haziel.
Jabril.|jabril.
Jacorey.|jacorey.
Jashawn.|jashawn.
Kassius.|kassius.
Kaylen.|kaylen.
Kelan.|kelan.
Kidus.|kidus.
Konstantin.|konstantin.
Lakota.|lakota.
Leelan.|leelan.
Leopoldo.|leopoldo.
Leviathan.|leviathan.
Liev.|liev.
Marquel.|marquel.
Maverik.|maverik.
Mikko.|mikko.
Murray.|murray.
Perrin.|perrin.
Randolph.|randolph.
Roen.|roen.
Shulem.|shulem.
Theseus.|theseus.
Willard.|willard.
Williams.|williams.
Wisdom.|wisdom.
Zaedyn.|zaedyn.
Zaydin.|zaydin.
Ziggy.|ziggy.
Adelin.|adelin.
Aeryn.|aeryn.
Ailynn.|ailynn.
Alara.|alara.
Alizabeth.|alizabeth.
Anari.|anari.
Arrianna.|arrianna.
Aylani.|aylani.
Braylen.|braylen.
Bronwyn.|bronwyn.
Cami.|cami.
Chimamanda.|chimamanda.
Colby.|colby.
Constanza.|constanza.
Dariyah.|dariyah.
Dayna.|dayna.
Elsy.|elsy.
Emari.|emari.
Eshaal.|eshaal.
Harlowe.|harlowe.
Heavenlee.|heavenlee.
Hendrix.|hendrix.
Jalyn.|jalyn.
Jaylinn.|jaylinn.
Jaymee.|jaymee.
Jodi.|jodi.
Joleigh.|joleigh.
Joselynn.|joselynn.
Juliett.|juliett.
Kaleia.|kaleia.
Kay.|kay.
Keturah.|keturah.
Kymani.|kymani.
Kynzie.|kynzie.
Lenna.|lenna.
Madaline.|madaline.
Madysen.|madysen.
Maiah.|maiah.
Maribelle.|maribelle.
Maureen.|maureen.
Mayson.|mayson.
Myia.|myia.
Nara.|nara.
Raelynne.|raelynne.
Saron.|saron.
Sayler.|sayler.
Sereniti.|sereniti.
Shawna.|shawna.
Srinika.|srinika.
Taleen.|taleen.
Tariyah.|tariyah.
Vale.|vale.
Wesley.|wesley.
Zaliyah.|zaliyah.
Aadi.|aadi.
Abubakar.|abubakar.
Advaith.|advaith.
Ashur.|ashur.
Baylen.|baylen.
Cavan.|cavan.
Corwin.|corwin.
Demarius.|demarius.
Emari.|emari.
Fabrizio.|fabrizio.
Fenix.|fenix.
Fritz.|fritz.
Gianmarco.|gianmarco.
Hagan.|hagan.
Hardy.|hardy.
Holton.|holton.
Jamin.|jamin.
Japheth.|japheth.
Jarred.|jarred.
Jin.|jin.
Johnluke.|johnluke.
Jonny.|jonny.
Kaydan.|kaydan.
Keiran.|keiran.
Kolter.|kolter.
Krue.|krue.
Lucky.|lucky.
Mika.|mika.
Nahom.|nahom.
Riyaan.|riyaan.
Rufus.|rufus.
Selvin.|selvin.
Shamir.|shamir.
Shreyas.|shreyas.
Tahir.|tahir.
Tommie.|tommie.
Tyren.|tyren.
Waylan.|waylan.
Aaminah.|aaminah.
Abigael.|abigael.
Adalena.|adalena.
Ahlam.|ahlam.
Aicha.|aicha.
Aleyza.|aleyza.
Amalie.|amalie.
Amariana.|amariana.
Arisbeth.|arisbeth.
Arriana.|arriana.
Avarose.|avarose.
Azariyah.|azariyah.
Baleigh.|baleigh.
Bobbie.|bobbie.
Bradlee.|bradlee.
Bridgett.|bridgett.
Camari.|camari.
Cherry.|cherry.
Clarice.|clarice.
Codi.|codi.
Dailyn.|dailyn.
Daya.|daya.
Divina.|divina.
Emiko.|emiko.
Francisca.|francisca.
Hadasa.|hadasa.
Halley.|halley.
Jailah.|jailah.
Jasper.|jasper.
Jayana.|jayana.
Jayline.|jayline.
Kahlia.|kahlia.
Kalila.|kalila.
Landree.|landree.
Lexa.|lexa.
Madden.|madden.
Maeva.|maeva.
Malayna.|malayna.
Marlyn.|marlyn.
Maryanne.|maryanne.
Mishka.|mishka.
Mykayla.|mykayla.
Portia.|portia.
Sanya.|sanya.
Terri.|terri.
Tinlee.|tinlee.
Trista.|trista.
Vianna.|vianna.
Yohana.|yohana.
Zari.|zari.
Zoha.|zoha.
Aayansh.|aayansh.
Alpha.|alpha.
Amado.|amado.
Anwar.|anwar.
Arjen.|arjen.
Aviel.|aviel.
Aziah.|aziah.
Braydin.|braydin.
Brexton.|brexton.
Breyden.|breyden.
Courtland.|courtland.
Cypress.|cypress.
Cyril.|cyril.
Elija.|elija.
Geovany.|geovany.
Hamzah.|hamzah.
Hanson.|hanson.
Isac.|isac.
Jahsiah.|jahsiah.
Jevon.|jevon.
Jim.|jim.
Johnmichael.|johnmichael.
Kendrix.|kendrix.
Kiptyn.|kiptyn.
Kruze.|kruze.
Larkin.|larkin.
Luqman.|luqman.
Lyon.|lyon.
Mehmet.|mehmet.
Mihir.|mihir.
Mikail.|mikail.
Ramir.|ramir.
Roczen.|roczen.
Saleem.|saleem.
Sherman.|sherman.
Shivansh.|shivansh.
Sudais.|sudais.
Tayvon.|tayvon.
Timur.|timur.
Addy.|addy.
Alizae.|alizae.
Andee.|andee.
Anela.|anela.
Aveah.|aveah.
Azaliah.|azaliah.
Bayley.|bayley.
Bianka.|bianka.
Blossom.|blossom.
Bowie.|bowie.
Chloey.|chloey.
Dayra.|dayra.
Dhriti.|dhriti.
Elianah.|elianah.
Elienai.|elienai.
Eliya.|eliya.
Ellamae.|ellamae.
Emilynn.|emilynn.
Erynn.|erynn.
Gaby.|gaby.
Helene.|helene.
Jacquelin.|jacquelin.
Jaelah.|jaelah.
Jamaya.|jamaya.
Jeslyn.|jeslyn.
Jupiter.|jupiter.
Kaelani.|kaelani.
Kaliana.|kaliana.
Kelli.|kelli.
Kierstyn.|kierstyn.
Kylan.|kylan.
Lanae.|lanae.
Mali.|mali.
Mishika.|mishika.
October.|october.
Posey.|posey.
Queenie.|queenie.
Rhema.|rhema.
Rhylie.|rhylie.
Saleen.|saleen.
Shanell.|shanell.
Suhani.|suhani.
Sydni.|sydni.
Valentine.|valentine.
Valkyrie.|valkyrie.
Vittoria.|vittoria.
Whitlee.|whitlee.
Yohanna.|yohanna.
Zaryah.|zaryah.
Zayah.|zayah.
Zayleigh.|zayleigh.
Zenobia.|zenobia.
Zuria.|zuria.
Adel.|adel.
Bowman.|bowman.
Brando.|brando.
Bricen.|bricen.
Cadyn.|cadyn.
Cayleb.|cayleb.
Danthony.|danthony.
Dashel.|dashel.
Deric.|deric.
Exavier.|exavier.
Ezriel.|ezriel.
Fermin.|fermin.
Halen.|halen.
Jayvin.|jayvin.
Jerrod.|jerrod.
Jeyden.|jeyden.
Joao.|joao.
Joell.|joell.
Jomar.|jomar.
Kaelan.|kaelan.
Kelby.|kelby.
Keyshawn.|keyshawn.
Kobi.|kobi.
Kristoff.|kristoff.
Liem.|liem.
Luigi.|luigi.
Luiz.|luiz.
Mahlon.|mahlon.
Makaio.|makaio.
Makari.|makari.
Marty.|marty.
Michel.|michel.
Naksh.|naksh.
Nihal.|nihal.
Noor.|noor.
Raylin.|raylin.
Reyaan.|reyaan.
Rihaan.|rihaan.
Rony.|rony.
Rudolph.|rudolph.
Ryken.|ryken.
Sahib.|sahib.
Saxon.|saxon.
Shmiel.|shmiel.
Taysom.|taysom.
Truitt.|truitt.
Usher.|usher.
Vikram.|vikram.
Zak.|zak.
Adelie.|adelie.
Advika.|advika.
Aiya.|aiya.
Amberlyn.|amberlyn.
Amena.|amena.
Angeles.|angeles.
Anny.|anny.
Ashlynne.|ashlynne.
Aster.|aster.
Avie.|avie.
Avleen.|avleen.
Ayelet.|ayelet.
Bostyn.|bostyn.
Breana.|breana.
Chloie.|chloie.
Cydney.|cydney.
Cypress.|cypress.
Damiya.|damiya.
December.|december.
Drea.|drea.
Eimy.|eimy.
Ekaterina.|ekaterina.
Eriana.|eriana.
Henleigh.|henleigh.
Jaleesa.|jaleesa.
Jamileth.|jamileth.
Jayliana.|jayliana.
Jessalynn.|jessalynn.
Jesslynn.|jesslynn.
Kacy.|kacy.
Kadyn.|kadyn.
Kamara.|kamara.
Kelcie.|kelcie.
Kellyn.|kellyn.
Kenedi.|kenedi.
Keri.|keri.
Keya.|keya.
Khari.|khari.
Khloie.|khloie.
Krislyn.|krislyn.
Leni.|leni.
Leonor.|leonor.
Livi.|livi.
Livie.|livie.
Livy.|livy.
Luiza.|luiza.
Lyndsey.|lyndsey.
Lyriq.|lyriq.
Malin.|malin.
Maris.|maris.
Maxwell.|maxwell.
Milliana.|milliana.
Monet.|monet.
Naisha.|naisha.
Nikole.|nikole.
Oliviah.|oliviah.
Peri.|peri.
Renesmae.|renesmae.
Roma.|roma.
Salina.|salina.
Shayne.|shayne.
Skyleigh.|skyleigh.
Zaara.|zaara.
Zamya.|zamya.
Zayra.|zayra.
Zissy.|zissy.
Abrahm.|abrahm.
Akshay.|akshay.
Aslan.|aslan.
Aurelius.|aurelius.
Avin.|avin.
Braydan.|braydan.
Calin.|calin.
Cassidy.|cassidy.
Deen.|deen.
Drayton.|drayton.
Eliazar.|eliazar.
Gamaliel.|gamaliel.
Godric.|godric.
Jaelyn.|jaelyn.
Jahiem.|jahiem.
Jaxtyn.|jaxtyn.
Jrue.|jrue.
Kayvon.|kayvon.
Kiernan.|kiernan.
Kit.|kit.
Koltin.|koltin.
Londyn.|londyn.
Lyncoln.|lyncoln.
Mckay.|mckay.
Naveen.|naveen.
Reyan.|reyan.
Roel.|roel.
Shreyan.|shreyan.
Sirius.|sirius.
Timber.|timber.
Tydus.|tydus.
Usman.|usman.
Vidal.|vidal.
Viggo.|viggo.
Wilber.|wilber.
Adisyn.|adisyn.
Ailany.|ailany.
Ainsleigh.|ainsleigh.
Airam.|airam.
Akasha.|akasha.
Aleeza.|aleeza.
Alethea.|alethea.
Analucia.|analucia.
Arianah.|arianah.
Arieanna.|arieanna.
Arisha.|arisha.
Arizbeth.|arizbeth.
Arlet.|arlet.
Aviah.|aviah.
Avionna.|avionna.
Brennan.|brennan.
Caleah.|caleah.
Caylie.|caylie.
Chrisette.|chrisette.
Corrie.|corrie.
Daliah.|daliah.
Dalyla.|dalyla.
Damia.|damia.
Darya.|darya.
Delta.|delta.
Dottie.|dottie.
Eleen.|eleen.
Elianny.|elianny.
Emelie.|emelie.
Emileigh.|emileigh.
Erianna.|erianna.
Esty.|esty.
Eulalia.|eulalia.
Evyn.|evyn.
Fatou.|fatou.
Fraidy.|fraidy.
Goddess.|goddess.
Haylen.|haylen.
Jailee.|jailee.
Jailene.|jailene.
Jalani.|jalani.
Jalyssa.|jalyssa.
Jaquelyn.|jaquelyn.
Jayanna.|jayanna.
Jeanne.|jeanne.
Jenavieve.|jenavieve.
Johnna.|johnna.
Jozlyn.|jozlyn.
Kasandra.|kasandra.
Kenza.|kenza.
Kyndell.|kyndell.
Kyree.|kyree.
Leighla.|leighla.
Leonie.|leonie.
Maisyn.|maisyn.
Marcia.|marcia.
Matilyn.|matilyn.
Melodi.|melodi.
Nashla.|nashla.
Olympia.|olympia.
Reginae.|reginae.
Senna.|senna.
Shivani.|shivani.
Tamiyah.|tamiyah.
Taylyn.|taylyn.
Yuridia.|yuridia.
Abriel.|abriel.
Affan.|affan.
Amaree.|amaree.
Amer.|amer.
Anibal.|anibal.
Ayoub.|ayoub.
Banner.|banner.
Binyamin.|binyamin.
Blane.|blane.
Boe.|boe.
Breccan.|breccan.
Breon.|breon.
Chadwick.|chadwick.
Cort.|cort.
Daren.|daren.
Darrien.|darrien.
Dayne.|dayne.
Decklan.|decklan.
Deniz.|deniz.
Domani.|domani.
Edgardo.|edgardo.
Edric.|edric.
Esau.|esau.
Frederic.|frederic.
Haddon.|haddon.
Hashir.|hashir.
Jaedon.|jaedon.
Jahdiel.|jahdiel.
Jaheem.|jaheem.
Jakayden.|jakayden.
Jamauri.|jamauri.
Jamon.|jamon.
Jayvien.|jayvien.
Kanan.|kanan.
Kyngston.|kyngston.
Leevi.|leevi.
Lipa.|lipa.
Lukah.|lukah.
Macen.|macen.
Maeson.|maeson.
Maysen.|maysen.
Minh.|minh.
Neftali.|neftali.
Payden.|payden.
Rahim.|rahim.
Randal.|randal.
Rashaad.|rashaad.
Rayvon.|rayvon.
Riyansh.|riyansh.
Rye.|rye.
Scotty.|scotty.
Sevyn.|sevyn.
Sholom.|sholom.
Walden.|walden.
Wali.|wali.
Zackariah.|zackariah.
Alaiah.|alaiah.
Alainah.|alainah.
Alesha.|alesha.
Alesia.|alesia.
Amberlee.|amberlee.
Anabell.|anabell.
Annah.|annah.
Annora.|annora.
Aryn.|aryn.
Atara.|atara.
Avika.|avika.
Avila.|avila.
Ayala.|ayala.
Azuri.|azuri.
Bentleigh.|bentleigh.
Bralynn.|bralynn.
Brenlee.|brenlee.
Chanell.|chanell.
Dejah.|dejah.
Dilynn.|dilynn.
Ellanor.|ellanor.
Gigi.|gigi.
Gissel.|gissel.
Gracee.|gracee.
Huntley.|huntley.
Ilianna.|ilianna.
Jaclynn.|jaclynn.
James.|james.
Janya.|janya.
Jaretzy.|jaretzy.
Jax.|jax.
Jazlene.|jazlene.
Jewell.|jewell.
Jizelle.|jizelle.
Joyanna.|joyanna.
Kaiah.|kaiah.
Katalaya.|katalaya.
Keaton.|keaton.
Kelani.|kelani.
Kimaya.|kimaya.
Krislynn.|krislynn.
Kynlie.|kynlie.
Langley.|langley.
Lavina.|lavina.
Lelia.|lelia.
Maddelyn.|maddelyn.
Michal.|michal.
Mikaila.|mikaila.
Myriam.|myriam.
Naevia.|naevia.
Nivea.|nivea.
Noura.|noura.
Odalys.|odalys.
Ona.|ona.
Raelin.|raelin.
Raigan.|raigan.
Rayanna.|rayanna.
Reaghan.|reaghan.
Riana.|riana.
Ricki.|ricki.
Rima.|rima.
Rio.|rio.
Rosetta.|rosetta.
Shekinah.|shekinah.
Sophya.|sophya.
Sunni.|sunni.
Tali.|tali.
Tauriel.|tauriel.
Wisdom.|wisdom.
Zenaida.|zenaida.
Zori.|zori.
Zulema.|zulema.
Abdurrahman.|abdurrahman.
Abhay.|abhay.
Ahmet.|ahmet.
Alexei.|alexei.
Auston.|auston.
Avyukth.|avyukth.
Bodi.|bodi.
Cache.|cache.
Cainan.|cainan.
Daelyn.|daelyn.
Daven.|daven.
Demonte.|demonte.
Donny.|donny.
Elden.|elden.
Elnathan.|elnathan.
Fenton.|fenton.
Hatcher.|hatcher.
Heber.|heber.
Hershy.|hershy.
Isacc.|isacc.
Jakeem.|jakeem.
Jamichael.|jamichael.
Jassiel.|jassiel.
Jaythan.|jaythan.
Jeffry.|jeffry.
Juel.|juel.
Karston.|karston.
Keigan.|keigan.
Kimi.|kimi.
Klaus.|klaus.
Kordell.|kordell.
Krishiv.|krishiv.
Leobardo.|leobardo.
Makoa.|makoa.
Maxime.|maxime.
Moussa.|moussa.
